date,sku_id,region,units
2026-05-08,SKU001,СЗ,1
2026-05-08,SKU001,Поволжье,2
2026-05-08,SKU003,СЗ,1
2026-05-08,SKU004,Центр,1
2026-05-08,SKU007,СЗ,1
2026-05-08,SKU009,Поволжье,1
2026-05-08,SKU009,Урал,1
2026-05-08,SKU009,Центр-2,1
2026-05-08,SKU010,Юг,1
2026-05-08,SKU011,Центр,1
2026-05-08,SKU011,Поволжье,1
2026-05-08,SKU012,Урал,1
2026-05-08,SKU014,Юг,1
2026-05-08,SKU016,Центр,1
2026-05-08,SKU016,Юг,1
2026-05-08,SKU016,Поволжье,3
2026-05-08,SKU016,Урал,1
2026-05-08,SKU016,Сибирь,1
2026-05-08,SKU016,ДВ,1
2026-05-08,SKU017,Центр,3
2026-05-08,SKU017,Поволжье,2
2026-05-08,SKU018,Центр,1
2026-05-08,SKU019,Поволжье,1
2026-05-08,SKU020,СЗ,1
2026-05-08,SKU020,Поволжье,1
2026-05-08,SKU022,Центр,3
2026-05-08,SKU022,Поволжье,1
2026-05-08,SKU022,Урал,1
2026-05-08,SKU022,Сибирь,1
2026-05-08,SKU023,Центр,1
2026-05-08,SKU024,Центр,1
2026-05-08,SKU024,Урал,1
2026-05-08,SKU024,Сибирь,1
2026-05-08,SKU026,Урал,1
2026-05-08,SKU028,Центр,2
2026-05-08,SKU028,СЗ,2
2026-05-08,SKU028,Поволжье,1
2026-05-08,SKU029,Центр,3
2026-05-08,SKU030,Поволжье,1
2026-05-08,SKU030,Сибирь,1
2026-05-08,SKU031,СЗ,1
2026-05-08,SKU031,Центр-2,1
2026-05-08,SKU032,Центр-2,1
2026-05-08,SKU033,Поволжье,1
2026-05-08,SKU034,Центр,2
2026-05-08,SKU035,Центр,2
2026-05-08,SKU035,Урал,1
2026-05-08,SKU036,Поволжье,1
2026-05-08,SKU037,Центр,3
2026-05-08,SKU037,Поволжье,1
2026-05-08,SKU039,Центр,1
2026-05-08,SKU039,Юг,1
2026-05-08,SKU039,Поволжье,1
2026-05-08,SKU040,Центр,1
2026-05-08,SKU040,СЗ,2
2026-05-08,SKU040,Юг,1
2026-05-08,SKU040,Урал,1
2026-05-09,SKU001,Центр,1
2026-05-09,SKU001,Юг,1
2026-05-09,SKU001,Сибирь,1
2026-05-09,SKU002,Центр,3
2026-05-09,SKU002,Поволжье,1
2026-05-09,SKU003,СЗ,1
2026-05-09,SKU006,Центр,1
2026-05-09,SKU007,Центр,1
2026-05-09,SKU007,Юг,1
2026-05-09,SKU009,СЗ,1
2026-05-09,SKU009,Юг,2
2026-05-09,SKU009,Поволжье,1
2026-05-09,SKU011,Центр,1
2026-05-09,SKU013,Поволжье,2
2026-05-09,SKU014,ДВ,1
2026-05-09,SKU015,Центр,1
2026-05-09,SKU016,СЗ,1
2026-05-09,SKU016,Юг,1
2026-05-09,SKU016,Поволжье,1
2026-05-09,SKU017,Центр,1
2026-05-09,SKU017,Поволжье,3
2026-05-09,SKU017,Урал,1
2026-05-09,SKU017,Сибирь,1
2026-05-09,SKU018,Центр,1
2026-05-09,SKU019,СЗ,1
2026-05-09,SKU019,Поволжье,1
2026-05-09,SKU021,Поволжье,1
2026-05-09,SKU022,Центр,3
2026-05-09,SKU022,Сибирь,1
2026-05-09,SKU022,ДВ,1
2026-05-09,SKU023,Поволжье,1
2026-05-09,SKU025,Центр,2
2026-05-09,SKU026,Центр,1
2026-05-09,SKU028,Центр,4
2026-05-09,SKU028,Юг,2
2026-05-09,SKU029,Поволжье,1
2026-05-09,SKU029,Урал,1
2026-05-09,SKU030,Юг,1
2026-05-09,SKU030,Сибирь,1
2026-05-09,SKU032,Центр,1
2026-05-09,SKU033,Центр,2
2026-05-09,SKU033,Юг,1
2026-05-09,SKU034,Центр,1
2026-05-09,SKU035,Юг,3
2026-05-09,SKU037,Центр,1
2026-05-09,SKU037,Поволжье,1
2026-05-09,SKU040,Центр,4
2026-05-09,SKU040,СЗ,1
2026-05-09,SKU040,Урал,1
2026-05-09,SKU040,Сибирь,1
2026-05-09,SKU040,ДВ,1
2026-05-10,SKU001,Центр,1
2026-05-10,SKU002,Центр,1
2026-05-10,SKU004,Сибирь,1
2026-05-10,SKU007,Центр,1
2026-05-10,SKU007,Урал,1
2026-05-10,SKU009,Центр,1
2026-05-10,SKU012,Центр,2
2026-05-10,SKU013,Центр,1
2026-05-10,SKU013,СЗ,1
2026-05-10,SKU013,Урал,1
2026-05-10,SKU013,ДВ,2
2026-05-10,SKU014,Урал,1
2026-05-10,SKU016,Центр,6
2026-05-10,SKU016,Юг,2
2026-05-10,SKU016,Сибирь,1
2026-05-10,SKU017,Центр,5
2026-05-10,SKU017,Юг,1
2026-05-10,SKU017,Поволжье,2
2026-05-10,SKU017,Урал,1
2026-05-10,SKU018,Поволжье,1
2026-05-10,SKU019,СЗ,1
2026-05-10,SKU019,Поволжье,1
2026-05-10,SKU020,Центр,4
2026-05-10,SKU021,Центр,1
2026-05-10,SKU022,Центр,5
2026-05-10,SKU022,СЗ,1
2026-05-10,SKU022,Поволжье,1
2026-05-10,SKU022,ДВ,2
2026-05-10,SKU024,Центр,3
2026-05-10,SKU024,Юг,1
2026-05-10,SKU027,Центр,1
2026-05-10,SKU028,Центр,5
2026-05-10,SKU028,СЗ,2
2026-05-10,SKU028,Юг,2
2026-05-10,SKU028,Поволжье,1
2026-05-10,SKU029,Поволжье,1
2026-05-10,SKU030,Центр,3
2026-05-10,SKU030,СЗ,1
2026-05-10,SKU030,Поволжье,2
2026-05-10,SKU030,Урал,1
2026-05-10,SKU031,Центр,1
2026-05-10,SKU032,Центр,1
2026-05-10,SKU033,Урал,1
2026-05-10,SKU034,Центр,1
2026-05-10,SKU034,Юг,1
2026-05-10,SKU035,Поволжье,1
2026-05-10,SKU037,Центр,1
2026-05-10,SKU039,Центр,1
2026-05-10,SKU040,Центр,2
2026-05-10,SKU040,Юг,1
2026-05-10,SKU040,Поволжье,1
2026-05-10,SKU040,ДВ,1
2026-05-11,SKU001,Центр,2
2026-05-11,SKU004,Центр,1
2026-05-11,SKU006,Центр,2
2026-05-11,SKU007,Центр,1
2026-05-11,SKU007,СЗ,1
2026-05-11,SKU009,Центр,3
2026-05-11,SKU009,СЗ,1
2026-05-11,SKU011,Центр,3
2026-05-11,SKU013,Центр,2
2026-05-11,SKU013,СЗ,2
2026-05-11,SKU013,Юг,1
2026-05-11,SKU013,Поволжье,1
2026-05-11,SKU013,Урал,1
2026-05-11,SKU014,Центр,1
2026-05-11,SKU014,СЗ,1
2026-05-11,SKU014,Юг,1
2026-05-11,SKU016,Центр,6
2026-05-11,SKU016,СЗ,2
2026-05-11,SKU016,Юг,1
2026-05-11,SKU016,Сибирь,1
2026-05-11,SKU017,Центр,2
2026-05-11,SKU017,Сибирь,3
2026-05-11,SKU018,Юг,1
2026-05-11,SKU018,Сибирь,2
2026-05-11,SKU019,Центр,1
2026-05-11,SKU020,Центр,2
2026-05-11,SKU021,Центр,1
2026-05-11,SKU021,Поволжье,1
2026-05-11,SKU022,Центр,1
2026-05-11,SKU022,Юг,1
2026-05-11,SKU022,Сибирь,1
2026-05-11,SKU023,Центр,1
2026-05-11,SKU023,СЗ,1
2026-05-11,SKU024,Центр,2
2026-05-11,SKU025,Сибирь,1
2026-05-11,SKU026,СЗ,1
2026-05-11,SKU026,Юг,1
2026-05-11,SKU028,Центр,4
2026-05-11,SKU028,Сибирь,1
2026-05-11,SKU029,Центр,1
2026-05-11,SKU029,Юг,2
2026-05-11,SKU030,Центр,1
2026-05-11,SKU030,Юг,1
2026-05-11,SKU030,Поволжье,1
2026-05-11,SKU030,Урал,1
2026-05-11,SKU030,Сибирь,1
2026-05-11,SKU031,Сибирь,1
2026-05-11,SKU032,Юг,1
2026-05-11,SKU034,Центр,2
2026-05-11,SKU034,Сибирь,1
2026-05-11,SKU035,Центр,1
2026-05-11,SKU036,СЗ,1
2026-05-11,SKU036,Урал,1
2026-05-11,SKU037,Центр,2
2026-05-11,SKU037,Юг,1
2026-05-11,SKU037,Поволжье,1
2026-05-11,SKU040,Центр,5
2026-05-11,SKU040,СЗ,2
2026-05-11,SKU040,Поволжье,1
2026-05-11,SKU040,Урал,2
2026-05-11,SKU040,Сибирь,1
2026-05-12,SKU001,СЗ,1
2026-05-12,SKU001,Юг,1
2026-05-12,SKU002,Центр,2
2026-05-12,SKU002,СЗ,1
2026-05-12,SKU004,Центр,3
2026-05-12,SKU006,Поволжье,1
2026-05-12,SKU007,Центр,3
2026-05-12,SKU007,Юг,1
2026-05-12,SKU008,Центр,1
2026-05-12,SKU009,СЗ,3
2026-05-12,SKU009,Юг,1
2026-05-12,SKU009,Поволжье,1
2026-05-12,SKU011,Центр,3
2026-05-12,SKU011,СЗ,1
2026-05-12,SKU012,Центр,1
2026-05-12,SKU012,Центр-2,1
2026-05-12,SKU013,ДВ,1
2026-05-12,SKU014,Центр,3
2026-05-12,SKU016,Центр,4
2026-05-12,SKU016,Юг,1
2026-05-12,SKU016,Поволжье,1
2026-05-12,SKU016,Сибирь,1
2026-05-12,SKU017,Центр,3
2026-05-12,SKU017,Урал,1
2026-05-12,SKU018,Центр,1
2026-05-12,SKU018,Сибирь,1
2026-05-12,SKU020,Юг,1
2026-05-12,SKU022,Центр,3
2026-05-12,SKU022,Урал,1
2026-05-12,SKU022,Центр-2,1
2026-05-12,SKU023,Сибирь,1
2026-05-12,SKU026,Центр,1
2026-05-12,SKU028,Центр,6
2026-05-12,SKU028,СЗ,1
2026-05-12,SKU028,Поволжье,3
2026-05-12,SKU028,Сибирь,1
2026-05-12,SKU029,ДВ,1
2026-05-12,SKU030,СЗ,1
2026-05-12,SKU030,Юг,1
2026-05-12,SKU031,Центр,1
2026-05-12,SKU033,Юг,1
2026-05-12,SKU033,Поволжье,1
2026-05-12,SKU034,СЗ,1
2026-05-12,SKU035,Сибирь,2
2026-05-12,SKU036,СЗ,1
2026-05-12,SKU037,Сибирь,1
2026-05-12,SKU039,Юг,2
2026-05-12,SKU040,Центр,9
2026-05-12,SKU040,СЗ,1
2026-05-12,SKU040,Поволжье,1
2026-05-12,SKU040,Урал,1
2026-05-13,SKU001,Центр,1
2026-05-13,SKU001,Юг,1
2026-05-13,SKU002,Центр,1
2026-05-13,SKU004,СЗ,1
2026-05-13,SKU005,Урал,1
2026-05-13,SKU007,Поволжье,1
2026-05-13,SKU007,Сибирь,2
2026-05-13,SKU009,Центр,1
2026-05-13,SKU009,СЗ,1
2026-05-13,SKU009,Юг,1
2026-05-13,SKU010,Сибирь,1
2026-05-13,SKU011,Центр,4
2026-05-13,SKU011,СЗ,1
2026-05-13,SKU011,Сибирь,1
2026-05-13,SKU013,Центр,1
2026-05-13,SKU013,СЗ,1
2026-05-13,SKU013,Юг,1
2026-05-13,SKU013,Сибирь,1
2026-05-13,SKU014,Центр,1
2026-05-13,SKU016,Центр,4
2026-05-13,SKU016,СЗ,1
2026-05-13,SKU016,Юг,1
2026-05-13,SKU016,Поволжье,1
2026-05-13,SKU016,ДВ,1
2026-05-13,SKU017,Центр,3
2026-05-13,SKU017,СЗ,1
2026-05-13,SKU017,Поволжье,1
2026-05-13,SKU019,Центр,1
2026-05-13,SKU019,СЗ,1
2026-05-13,SKU019,Центр-2,1
2026-05-13,SKU020,Центр,1
2026-05-13,SKU020,Сибирь,1
2026-05-13,SKU020,Центр-2,1
2026-05-13,SKU022,Центр,4
2026-05-13,SKU022,Поволжье,1
2026-05-13,SKU023,СЗ,1
2026-05-13,SKU024,Юг,1
2026-05-13,SKU024,Сибирь,1
2026-05-13,SKU025,Центр,1
2026-05-13,SKU027,Сибирь,1
2026-05-13,SKU028,Юг,1
2026-05-13,SKU028,Сибирь,1
2026-05-13,SKU030,Центр,3
2026-05-13,SKU030,СЗ,1
2026-05-13,SKU030,Поволжье,1
2026-05-13,SKU030,Сибирь,1
2026-05-13,SKU031,Юг,1
2026-05-13,SKU031,ДВ,1
2026-05-13,SKU034,Центр,1
2026-05-13,SKU034,Поволжье,1
2026-05-13,SKU035,Центр,2
2026-05-13,SKU036,Центр,2
2026-05-13,SKU036,СЗ,1
2026-05-13,SKU036,ДВ,1
2026-05-13,SKU037,Центр,2
2026-05-13,SKU040,Центр,3
2026-05-13,SKU040,Юг,3
2026-05-13,SKU040,Сибирь,1
2026-05-14,SKU001,Поволжье,1
2026-05-14,SKU001,Урал,1
2026-05-14,SKU002,Центр,1
2026-05-14,SKU002,СЗ,1
2026-05-14,SKU002,Юг,1
2026-05-14,SKU003,СЗ,1
2026-05-14,SKU006,Юг,1
2026-05-14,SKU007,Центр,1
2026-05-14,SKU009,СЗ,2
2026-05-14,SKU009,ДВ,1
2026-05-14,SKU011,Центр,1
2026-05-14,SKU011,СЗ,1
2026-05-14,SKU011,Юг,1
2026-05-14,SKU011,Поволжье,1
2026-05-14,SKU013,Центр,3
2026-05-14,SKU013,СЗ,1
2026-05-14,SKU013,Юг,2
2026-05-14,SKU013,Поволжье,3
2026-05-14,SKU013,Сибирь,2
2026-05-14,SKU014,Центр,1
2026-05-14,SKU016,Центр,3
2026-05-14,SKU016,СЗ,1
2026-05-14,SKU016,Юг,1
2026-05-14,SKU016,Урал,1
2026-05-14,SKU017,Центр,3
2026-05-14,SKU017,СЗ,4
2026-05-14,SKU017,Поволжье,1
2026-05-14,SKU017,Урал,1
2026-05-14,SKU018,Центр,1
2026-05-14,SKU018,Поволжье,1
2026-05-14,SKU019,Центр,1
2026-05-14,SKU021,Юг,1
2026-05-14,SKU022,Центр,2
2026-05-14,SKU022,Поволжье,1
2026-05-14,SKU025,Центр,3
2026-05-14,SKU025,Урал,1
2026-05-14,SKU026,СЗ,1
2026-05-14,SKU026,Юг,1
2026-05-14,SKU026,Сибирь,1
2026-05-14,SKU027,Центр,1
2026-05-14,SKU028,Центр,1
2026-05-14,SKU028,СЗ,1
2026-05-14,SKU030,Центр,1
2026-05-14,SKU030,Юг,1
2026-05-14,SKU030,Сибирь,1
2026-05-14,SKU031,Центр-2,1
2026-05-14,SKU032,Юг,1
2026-05-14,SKU032,Поволжье,1
2026-05-14,SKU033,СЗ,2
2026-05-14,SKU035,Центр,1
2026-05-14,SKU035,Юг,1
2026-05-14,SKU035,Поволжье,1
2026-05-14,SKU035,ДВ,1
2026-05-14,SKU036,СЗ,1
2026-05-14,SKU037,Центр,1
2026-05-14,SKU038,Центр,1
2026-05-14,SKU039,Центр,1
2026-05-14,SKU039,Центр-2,1
2026-05-14,SKU040,Центр,2
2026-05-15,SKU001,Центр,2
2026-05-15,SKU001,Юг,1
2026-05-15,SKU002,Центр,1
2026-05-15,SKU003,Центр,1
2026-05-15,SKU003,Поволжье,1
2026-05-15,SKU004,Центр,3
2026-05-15,SKU004,Сибирь,1
2026-05-15,SKU006,Центр,1
2026-05-15,SKU006,СЗ,1
2026-05-15,SKU008,СЗ,1
2026-05-15,SKU009,Центр,2
2026-05-15,SKU009,ДВ,1
2026-05-15,SKU011,Центр,2
2026-05-15,SKU011,СЗ,1
2026-05-15,SKU011,Юг,1
2026-05-15,SKU012,Юг,1
2026-05-15,SKU013,Центр,4
2026-05-15,SKU013,СЗ,1
2026-05-15,SKU013,Поволжье,1
2026-05-15,SKU013,ДВ,1
2026-05-15,SKU013,Центр-2,1
2026-05-15,SKU016,Центр,2
2026-05-15,SKU016,Поволжье,1
2026-05-15,SKU017,Центр,2
2026-05-15,SKU017,СЗ,1
2026-05-15,SKU017,Юг,1
2026-05-15,SKU018,Центр,1
2026-05-15,SKU019,Центр,1
2026-05-15,SKU020,Центр,2
2026-05-15,SKU020,Поволжье,1
2026-05-15,SKU022,Центр,2
2026-05-15,SKU022,СЗ,1
2026-05-15,SKU022,Поволжье,2
2026-05-15,SKU024,Центр,1
2026-05-15,SKU025,Центр,1
2026-05-15,SKU026,Центр,1
2026-05-15,SKU026,Юг,1
2026-05-15,SKU026,Сибирь,1
2026-05-15,SKU028,Центр,2
2026-05-15,SKU029,Центр,1
2026-05-15,SKU029,СЗ,1
2026-05-15,SKU029,Урал,1
2026-05-15,SKU030,Центр,2
2026-05-15,SKU030,Поволжье,2
2026-05-15,SKU031,Центр,1
2026-05-15,SKU031,Юг,1
2026-05-15,SKU031,Поволжье,1
2026-05-15,SKU032,Центр,1
2026-05-15,SKU033,Поволжье,1
2026-05-15,SKU034,Урал,1
2026-05-15,SKU035,Центр,1
2026-05-15,SKU035,Поволжье,1
2026-05-15,SKU039,Центр,1
2026-05-15,SKU040,Центр,3
2026-05-15,SKU040,СЗ,2
2026-05-15,SKU040,Юг,1
2026-05-15,SKU040,Поволжье,1
2026-05-15,SKU040,Урал,1
2026-05-15,SKU040,ДВ,1
2026-05-16,SKU001,Центр,1
2026-05-16,SKU001,СЗ,1
2026-05-16,SKU002,Сибирь,1
2026-05-16,SKU002,ДВ,1
2026-05-16,SKU007,Центр,1
2026-05-16,SKU007,Юг,1
2026-05-16,SKU009,Центр,1
2026-05-16,SKU009,СЗ,1
2026-05-16,SKU010,Поволжье,1
2026-05-16,SKU011,СЗ,1
2026-05-16,SKU013,Центр,1
2026-05-16,SKU013,Урал,1
2026-05-16,SKU013,Сибирь,1
2026-05-16,SKU014,Центр,1
2026-05-16,SKU016,Центр,3
2026-05-16,SKU016,Поволжье,1
2026-05-16,SKU016,Урал,1
2026-05-16,SKU016,Сибирь,1
2026-05-16,SKU017,Центр,1
2026-05-16,SKU017,Поволжье,1
2026-05-16,SKU017,Урал,1
2026-05-16,SKU017,Сибирь,1
2026-05-16,SKU018,Юг,1
2026-05-16,SKU018,Поволжье,1
2026-05-16,SKU019,Центр,2
2026-05-16,SKU019,Поволжье,1
2026-05-16,SKU020,Центр,2
2026-05-16,SKU021,Поволжье,1
2026-05-16,SKU021,Сибирь,1
2026-05-16,SKU022,Центр,2
2026-05-16,SKU022,Поволжье,1
2026-05-16,SKU022,Сибирь,1
2026-05-16,SKU023,ДВ,1
2026-05-16,SKU028,Центр,4
2026-05-16,SKU028,СЗ,1
2026-05-16,SKU028,Поволжье,1
2026-05-16,SKU028,Урал,1
2026-05-16,SKU030,Центр,2
2026-05-16,SKU030,СЗ,2
2026-05-16,SKU030,Поволжье,3
2026-05-16,SKU031,Центр-2,1
2026-05-16,SKU032,Центр,1
2026-05-16,SKU033,Центр,1
2026-05-16,SKU035,Центр,3
2026-05-16,SKU036,Центр,1
2026-05-16,SKU036,СЗ,1
2026-05-16,SKU037,Центр,1
2026-05-16,SKU040,Центр,3
2026-05-16,SKU040,СЗ,2
2026-05-16,SKU040,Юг,1
2026-05-16,SKU040,Урал,1
2026-05-16,SKU040,Сибирь,1
2026-05-16,SKU040,Центр-2,1
2026-05-17,SKU001,СЗ,1
2026-05-17,SKU002,СЗ,1
2026-05-17,SKU002,Юг,1
2026-05-17,SKU003,Юг,1
2026-05-17,SKU006,Поволжье,1
2026-05-17,SKU007,Центр,2
2026-05-17,SKU007,Поволжье,1
2026-05-17,SKU009,СЗ,1
2026-05-17,SKU009,Поволжье,1
2026-05-17,SKU009,Урал,1
2026-05-17,SKU010,Центр,1
2026-05-17,SKU011,Центр,1
2026-05-17,SKU011,СЗ,1
2026-05-17,SKU011,Поволжье,1
2026-05-17,SKU011,Урал,1
2026-05-17,SKU013,Центр,3
2026-05-17,SKU013,Юг,1
2026-05-17,SKU013,Поволжье,2
2026-05-17,SKU013,Урал,1
2026-05-17,SKU013,Сибирь,1
2026-05-17,SKU014,Центр,1
2026-05-17,SKU015,Центр,1
2026-05-17,SKU016,Центр,5
2026-05-17,SKU016,Сибирь,2
2026-05-17,SKU016,Центр-2,1
2026-05-17,SKU017,Центр,6
2026-05-17,SKU017,СЗ,1
2026-05-17,SKU017,Юг,1
2026-05-17,SKU017,Поволжье,2
2026-05-17,SKU017,Сибирь,1
2026-05-17,SKU018,Центр,1
2026-05-17,SKU018,Сибирь,1
2026-05-17,SKU019,Центр,1
2026-05-17,SKU019,СЗ,1
2026-05-17,SKU022,Центр,4
2026-05-17,SKU022,Поволжье,1
2026-05-17,SKU023,Юг,1
2026-05-17,SKU024,Центр,1
2026-05-17,SKU024,Юг,2
2026-05-17,SKU025,Центр,1
2026-05-17,SKU025,СЗ,1
2026-05-17,SKU026,Поволжье,1
2026-05-17,SKU027,Сибирь,1
2026-05-17,SKU028,Центр,4
2026-05-17,SKU028,Сибирь,1
2026-05-17,SKU030,СЗ,1
2026-05-17,SKU030,Юг,1
2026-05-17,SKU030,Урал,2
2026-05-17,SKU030,Сибирь,1
2026-05-17,SKU031,Центр,1
2026-05-17,SKU031,Центр-2,1
2026-05-17,SKU032,СЗ,1
2026-05-17,SKU033,СЗ,1
2026-05-17,SKU033,Поволжье,1
2026-05-17,SKU035,Центр,2
2026-05-17,SKU035,Поволжье,1
2026-05-17,SKU036,Поволжье,1
2026-05-17,SKU037,Юг,1
2026-05-17,SKU039,СЗ,1
2026-05-17,SKU040,Центр,5
2026-05-17,SKU040,СЗ,1
2026-05-17,SKU040,Юг,1
2026-05-17,SKU040,Поволжье,1
2026-05-17,SKU040,Урал,1
2026-05-17,SKU040,ДВ,1
2026-05-18,SKU001,Центр,1
2026-05-18,SKU001,Юг,1
2026-05-18,SKU001,Поволжье,2
2026-05-18,SKU002,Центр,1
2026-05-18,SKU002,СЗ,1
2026-05-18,SKU004,Центр,1
2026-05-18,SKU004,Поволжье,1
2026-05-18,SKU007,Центр,1
2026-05-18,SKU007,Юг,2
2026-05-18,SKU009,Центр,1
2026-05-18,SKU009,Поволжье,1
2026-05-18,SKU009,Урал,1
2026-05-18,SKU011,Центр,1
2026-05-18,SKU011,СЗ,2
2026-05-18,SKU012,Центр-2,1
2026-05-18,SKU013,Центр,1
2026-05-18,SKU013,Юг,2
2026-05-18,SKU013,Поволжье,1
2026-05-18,SKU013,Сибирь,1
2026-05-18,SKU014,Центр,2
2026-05-18,SKU015,Центр,1
2026-05-18,SKU016,Центр,2
2026-05-18,SKU016,Поволжье,1
2026-05-18,SKU016,Сибирь,1
2026-05-18,SKU017,Центр,2
2026-05-18,SKU017,СЗ,3
2026-05-18,SKU017,Юг,2
2026-05-18,SKU017,Поволжье,2
2026-05-18,SKU018,Центр,2
2026-05-18,SKU019,СЗ,1
2026-05-18,SKU019,Урал,1
2026-05-18,SKU020,ДВ,1
2026-05-18,SKU021,Юг,1
2026-05-18,SKU022,Центр,2
2026-05-18,SKU022,Урал,1
2026-05-18,SKU022,Сибирь,1
2026-05-18,SKU023,Поволжье,1
2026-05-18,SKU024,Сибирь,1
2026-05-18,SKU025,СЗ,1
2026-05-18,SKU028,Центр,1
2026-05-18,SKU028,СЗ,1
2026-05-18,SKU028,Центр-2,1
2026-05-18,SKU030,Центр,2
2026-05-18,SKU030,СЗ,1
2026-05-18,SKU030,Юг,1
2026-05-18,SKU030,Поволжье,1
2026-05-18,SKU031,Центр,1
2026-05-18,SKU031,СЗ,1
2026-05-18,SKU031,Сибирь,2
2026-05-18,SKU034,СЗ,1
2026-05-18,SKU035,Поволжье,1
2026-05-18,SKU035,Сибирь,1
2026-05-18,SKU036,Центр,1
2026-05-18,SKU037,ДВ,1
2026-05-18,SKU038,СЗ,1
2026-05-18,SKU039,Центр,1
2026-05-18,SKU039,СЗ,1
2026-05-18,SKU039,Сибирь,1
2026-05-18,SKU040,Центр,2
2026-05-18,SKU040,СЗ,3
2026-05-18,SKU040,Сибирь,1
2026-05-18,SKU040,ДВ,1
2026-05-18,SKU040,Центр-2,1
2026-05-19,SKU001,Центр,2
2026-05-19,SKU001,Сибирь,1
2026-05-19,SKU002,Центр,2
2026-05-19,SKU002,СЗ,1
2026-05-19,SKU003,Юг,1
2026-05-19,SKU004,Центр,1
2026-05-19,SKU004,Поволжье,1
2026-05-19,SKU007,Центр,3
2026-05-19,SKU007,Юг,1
2026-05-19,SKU007,Поволжье,1
2026-05-19,SKU009,Центр,3
2026-05-19,SKU009,СЗ,2
2026-05-19,SKU009,Юг,1
2026-05-19,SKU009,Поволжье,1
2026-05-19,SKU010,Центр,2
2026-05-19,SKU011,Центр,1
2026-05-19,SKU011,Сибирь,1
2026-05-19,SKU013,Центр,1
2026-05-19,SKU013,Поволжье,2
2026-05-19,SKU014,Юг,1
2026-05-19,SKU016,Центр,3
2026-05-19,SKU016,СЗ,1
2026-05-19,SKU016,Поволжье,2
2026-05-19,SKU016,Урал,1
2026-05-19,SKU016,Сибирь,1
2026-05-19,SKU017,Центр,6
2026-05-19,SKU017,Сибирь,1
2026-05-19,SKU018,Центр,1
2026-05-19,SKU019,Поволжье,1
2026-05-19,SKU020,СЗ,1
2026-05-19,SKU020,Урал,1
2026-05-19,SKU022,Центр,2
2026-05-19,SKU022,Юг,2
2026-05-19,SKU024,Центр,1
2026-05-19,SKU024,Юг,1
2026-05-19,SKU028,Юг,2
2026-05-19,SKU028,Поволжье,1
2026-05-19,SKU028,Урал,1
2026-05-19,SKU028,Сибирь,1
2026-05-19,SKU029,Юг,1
2026-05-19,SKU030,Центр,2
2026-05-19,SKU030,Юг,2
2026-05-19,SKU030,Поволжье,1
2026-05-19,SKU031,Юг,1
2026-05-19,SKU034,Центр,2
2026-05-19,SKU036,Центр,1
2026-05-19,SKU039,Центр,1
2026-05-19,SKU040,Центр,1
2026-05-19,SKU040,СЗ,1
2026-05-19,SKU040,Юг,1
2026-05-19,SKU040,Поволжье,1
2026-05-19,SKU040,Урал,1
2026-05-19,SKU040,ДВ,1
2026-05-20,SKU001,СЗ,1
2026-05-20,SKU001,ДВ,1
2026-05-20,SKU002,Центр,2
2026-05-20,SKU002,СЗ,1
2026-05-20,SKU004,Поволжье,3
2026-05-20,SKU006,Центр,1
2026-05-20,SKU007,Юг,1
2026-05-20,SKU011,Центр,1
2026-05-20,SKU011,СЗ,1
2026-05-20,SKU013,Поволжье,1
2026-05-20,SKU014,Центр,2
2026-05-20,SKU014,Поволжье,1
2026-05-20,SKU016,Центр,1
2026-05-20,SKU017,Центр,5
2026-05-20,SKU017,СЗ,1
2026-05-20,SKU017,Поволжье,1
2026-05-20,SKU017,Урал,1
2026-05-20,SKU017,Сибирь,1
2026-05-20,SKU018,СЗ,1
2026-05-20,SKU019,Сибирь,1
2026-05-20,SKU021,ДВ,1
2026-05-20,SKU022,Центр,2
2026-05-20,SKU022,Урал,1
2026-05-20,SKU023,Юг,1
2026-05-20,SKU024,Центр,2
2026-05-20,SKU026,СЗ,1
2026-05-20,SKU028,Центр,3
2026-05-20,SKU028,СЗ,1
2026-05-20,SKU028,Сибирь,1
2026-05-20,SKU030,Центр,1
2026-05-20,SKU030,Юг,2
2026-05-20,SKU031,Центр,1
2026-05-20,SKU032,Сибирь,1
2026-05-20,SKU033,Центр,1
2026-05-20,SKU033,Поволжье,1
2026-05-20,SKU037,Центр,1
2026-05-20,SKU038,Центр-2,1
2026-05-20,SKU039,Юг,1
2026-05-20,SKU040,Центр,3
2026-05-20,SKU040,Юг,2
2026-05-20,SKU040,Поволжье,1
2026-05-20,SKU040,Сибирь,1
2026-05-21,SKU001,Центр,3
2026-05-21,SKU001,Поволжье,1
2026-05-21,SKU001,Сибирь,1
2026-05-21,SKU002,Центр,2
2026-05-21,SKU002,Юг,1
2026-05-21,SKU003,Центр,1
2026-05-21,SKU003,Юг,1
2026-05-21,SKU004,Центр,1
2026-05-21,SKU006,Центр,1
2026-05-21,SKU007,Урал,1
2026-05-21,SKU007,Сибирь,2
2026-05-21,SKU009,СЗ,2
2026-05-21,SKU011,СЗ,1
2026-05-21,SKU011,Поволжье,1
2026-05-21,SKU012,Центр,1
2026-05-21,SKU013,СЗ,2
2026-05-21,SKU014,Юг,1
2026-05-21,SKU016,Центр,2
2026-05-21,SKU016,СЗ,3
2026-05-21,SKU016,Поволжье,2
2026-05-21,SKU016,Урал,1
2026-05-21,SKU016,Сибирь,1
2026-05-21,SKU017,Центр,3
2026-05-21,SKU017,Юг,1
2026-05-21,SKU017,Урал,1
2026-05-21,SKU018,Поволжье,1
2026-05-21,SKU020,СЗ,1
2026-05-21,SKU020,Поволжье,1
2026-05-21,SKU022,Центр,1
2026-05-21,SKU022,Поволжье,1
2026-05-21,SKU022,Сибирь,1
2026-05-21,SKU023,Центр,1
2026-05-21,SKU024,Центр,1
2026-05-21,SKU026,Сибирь,1
2026-05-21,SKU027,Урал,1
2026-05-21,SKU028,Центр,1
2026-05-21,SKU028,СЗ,2
2026-05-21,SKU028,Юг,1
2026-05-21,SKU028,Поволжье,2
2026-05-21,SKU028,Урал,1
2026-05-21,SKU028,Сибирь,1
2026-05-21,SKU029,Урал,1
2026-05-21,SKU030,СЗ,1
2026-05-21,SKU030,Юг,1
2026-05-21,SKU030,Поволжье,1
2026-05-21,SKU031,Центр,1
2026-05-21,SKU031,СЗ,1
2026-05-21,SKU032,Центр-2,1
2026-05-21,SKU033,СЗ,1
2026-05-21,SKU033,Юг,1
2026-05-21,SKU033,Урал,1
2026-05-21,SKU035,СЗ,1
2026-05-21,SKU036,Юг,1
2026-05-21,SKU037,Центр,1
2026-05-21,SKU038,Сибирь,1
2026-05-21,SKU039,СЗ,1
2026-05-21,SKU040,Юг,2
2026-05-21,SKU040,Урал,2
2026-05-21,SKU040,ДВ,1
2026-05-22,SKU001,Урал,1
2026-05-22,SKU002,Поволжье,2
2026-05-22,SKU002,ДВ,1
2026-05-22,SKU004,Центр,1
2026-05-22,SKU006,Сибирь,1
2026-05-22,SKU007,Центр,1
2026-05-22,SKU007,Поволжье,1
2026-05-22,SKU007,Центр-2,1
2026-05-22,SKU008,Центр,1
2026-05-22,SKU009,СЗ,1
2026-05-22,SKU009,Поволжье,1
2026-05-22,SKU009,Сибирь,1
2026-05-22,SKU009,Центр-2,1
2026-05-22,SKU011,Центр,2
2026-05-22,SKU011,СЗ,1
2026-05-22,SKU011,Юг,1
2026-05-22,SKU011,Центр-2,1
2026-05-22,SKU012,Центр,1
2026-05-22,SKU013,СЗ,2
2026-05-22,SKU013,Юг,1
2026-05-22,SKU013,ДВ,2
2026-05-22,SKU014,Центр,1
2026-05-22,SKU016,Центр,2
2026-05-22,SKU016,Урал,1
2026-05-22,SKU016,Центр-2,1
2026-05-22,SKU017,Центр,4
2026-05-22,SKU017,СЗ,1
2026-05-22,SKU017,Поволжье,1
2026-05-22,SKU017,Урал,2
2026-05-22,SKU017,Центр-2,1
2026-05-22,SKU018,Центр,1
2026-05-22,SKU019,Центр,1
2026-05-22,SKU019,Юг,2
2026-05-22,SKU019,Поволжье,1
2026-05-22,SKU020,СЗ,1
2026-05-22,SKU022,Центр,4
2026-05-22,SKU022,Поволжье,2
2026-05-22,SKU023,Центр,2
2026-05-22,SKU023,Юг,1
2026-05-22,SKU024,Центр,1
2026-05-22,SKU026,Центр,1
2026-05-22,SKU027,ДВ,1
2026-05-22,SKU028,Центр,3
2026-05-22,SKU028,СЗ,2
2026-05-22,SKU028,Урал,1
2026-05-22,SKU029,СЗ,1
2026-05-22,SKU029,Юг,1
2026-05-22,SKU030,Юг,3
2026-05-22,SKU033,Поволжье,1
2026-05-22,SKU035,Юг,1
2026-05-22,SKU036,Центр,1
2026-05-22,SKU037,Центр,1
2026-05-22,SKU038,СЗ,1
2026-05-22,SKU039,Центр,1
2026-05-22,SKU039,Урал,1
2026-05-22,SKU039,Сибирь,1
2026-05-22,SKU040,Центр,2
2026-05-22,SKU040,Юг,1
2026-05-22,SKU040,Урал,6
2026-05-22,SKU040,Сибирь,1
2026-05-23,SKU001,Центр,2
2026-05-23,SKU001,ДВ,1
2026-05-23,SKU002,Центр,1
2026-05-23,SKU002,Юг,1
2026-05-23,SKU007,Урал,1
2026-05-23,SKU009,СЗ,1
2026-05-23,SKU009,Юг,1
2026-05-23,SKU010,Центр,1
2026-05-23,SKU011,Центр,1
2026-05-23,SKU011,СЗ,1
2026-05-23,SKU011,Поволжье,1
2026-05-23,SKU013,Центр,2
2026-05-23,SKU013,СЗ,1
2026-05-23,SKU013,Юг,1
2026-05-23,SKU013,Поволжье,1
2026-05-23,SKU013,Урал,1
2026-05-23,SKU014,Центр,2
2026-05-23,SKU014,СЗ,1
2026-05-23,SKU014,Юг,1
2026-05-23,SKU014,Поволжье,1
2026-05-23,SKU014,Сибирь,1
2026-05-23,SKU015,Центр,1
2026-05-23,SKU016,Центр,2
2026-05-23,SKU016,Юг,1
2026-05-23,SKU016,Урал,1
2026-05-23,SKU016,ДВ,1
2026-05-23,SKU017,Центр,2
2026-05-23,SKU017,СЗ,1
2026-05-23,SKU018,Центр,2
2026-05-23,SKU018,Сибирь,1
2026-05-23,SKU019,СЗ,1
2026-05-23,SKU020,Центр,1
2026-05-23,SKU020,Центр-2,1
2026-05-23,SKU022,Поволжье,1
2026-05-23,SKU023,Поволжье,1
2026-05-23,SKU028,Центр,3
2026-05-23,SKU028,Поволжье,2
2026-05-23,SKU028,Урал,1
2026-05-23,SKU031,Центр,1
2026-05-23,SKU031,Сибирь,1
2026-05-23,SKU033,Урал,2
2026-05-23,SKU034,Центр,2
2026-05-23,SKU034,Урал,1
2026-05-23,SKU036,СЗ,1
2026-05-23,SKU036,Поволжье,1
2026-05-23,SKU039,Сибирь,1
2026-05-23,SKU040,Центр,1
2026-05-23,SKU040,СЗ,1
2026-05-23,SKU040,Юг,2
2026-05-23,SKU040,Урал,2
2026-05-23,SKU040,ДВ,1
2026-05-24,SKU001,Центр,1
2026-05-24,SKU001,Юг,1
2026-05-24,SKU001,Сибирь,2
2026-05-24,SKU002,Урал,1
2026-05-24,SKU003,Центр,1
2026-05-24,SKU004,Центр,2
2026-05-24,SKU007,Центр,2
2026-05-24,SKU007,Поволжье,1
2026-05-24,SKU007,Урал,2
2026-05-24,SKU007,Сибирь,1
2026-05-24,SKU009,Центр,1
2026-05-24,SKU009,СЗ,2
2026-05-24,SKU009,ДВ,1
2026-05-24,SKU011,Центр,1
2026-05-24,SKU013,Центр,2
2026-05-24,SKU013,Сибирь,1
2026-05-24,SKU014,Центр,4
2026-05-24,SKU016,ДВ,1
2026-05-24,SKU017,Центр,2
2026-05-24,SKU017,СЗ,1
2026-05-24,SKU017,Юг,1
2026-05-24,SKU017,Урал,1
2026-05-24,SKU017,Сибирь,1
2026-05-24,SKU018,Центр,2
2026-05-24,SKU019,Поволжье,1
2026-05-24,SKU021,Центр,1
2026-05-24,SKU022,Центр,1
2026-05-24,SKU022,Юг,1
2026-05-24,SKU024,Сибирь,1
2026-05-24,SKU025,Центр,1
2026-05-24,SKU026,Центр,1
2026-05-24,SKU026,Юг,1
2026-05-24,SKU026,ДВ,1
2026-05-24,SKU027,Юг,1
2026-05-24,SKU028,СЗ,2
2026-05-24,SKU028,Сибирь,1
2026-05-24,SKU029,Сибирь,1
2026-05-24,SKU030,Центр,1
2026-05-24,SKU030,Юг,2
2026-05-24,SKU030,Поволжье,1
2026-05-24,SKU030,Сибирь,1
2026-05-24,SKU032,Центр,1
2026-05-24,SKU032,ДВ,1
2026-05-24,SKU033,Центр,2
2026-05-24,SKU034,Урал,1
2026-05-24,SKU035,Центр,1
2026-05-24,SKU037,Центр,1
2026-05-24,SKU037,Урал,1
2026-05-24,SKU038,Центр,1
2026-05-24,SKU040,Центр,3
2026-05-24,SKU040,СЗ,1
2026-05-24,SKU040,Урал,1
2026-05-24,SKU040,Сибирь,1
2026-05-25,SKU002,Центр,2
2026-05-25,SKU002,СЗ,1
2026-05-25,SKU003,Центр,1
2026-05-25,SKU003,Урал,1
2026-05-25,SKU004,Центр,1
2026-05-25,SKU006,ДВ,1
2026-05-25,SKU007,Центр,1
2026-05-25,SKU007,Юг,1
2026-05-25,SKU007,Поволжье,1
2026-05-25,SKU009,Центр,2
2026-05-25,SKU009,СЗ,1
2026-05-25,SKU011,СЗ,1
2026-05-25,SKU013,Сибирь,2
2026-05-25,SKU014,Урал,1
2026-05-25,SKU016,Центр,5
2026-05-25,SKU016,Поволжье,1
2026-05-25,SKU016,ДВ,1
2026-05-25,SKU017,Центр,2
2026-05-25,SKU017,Юг,1
2026-05-25,SKU017,Поволжье,1
2026-05-25,SKU020,СЗ,1
2026-05-25,SKU021,Поволжье,1
2026-05-25,SKU022,Центр,2
2026-05-25,SKU022,Поволжье,2
2026-05-25,SKU023,Центр,2
2026-05-25,SKU024,Центр,1
2026-05-25,SKU024,СЗ,1
2026-05-25,SKU024,Сибирь,1
2026-05-25,SKU025,Центр,1
2026-05-25,SKU028,Центр,6
2026-05-25,SKU028,СЗ,2
2026-05-25,SKU028,Центр-2,2
2026-05-25,SKU029,Центр,1
2026-05-25,SKU030,Центр,3
2026-05-25,SKU030,СЗ,1
2026-05-25,SKU030,Юг,2
2026-05-25,SKU031,Центр,2
2026-05-25,SKU033,Центр,1
2026-05-25,SKU034,Центр,2
2026-05-25,SKU035,Центр,2
2026-05-25,SKU035,Юг,1
2026-05-25,SKU035,Поволжье,1
2026-05-25,SKU037,Центр,1
2026-05-25,SKU039,СЗ,2
2026-05-25,SKU040,Центр,5
2026-05-25,SKU040,Юг,1
2026-05-25,SKU040,Поволжье,2
2026-05-25,SKU040,Урал,4
2026-05-26,SKU003,Урал,1
2026-05-26,SKU004,Центр-2,1
2026-05-26,SKU006,Юг,1
2026-05-26,SKU007,Сибирь,1
2026-05-26,SKU009,Центр,1
2026-05-26,SKU009,СЗ,1
2026-05-26,SKU009,Урал,1
2026-05-26,SKU009,Сибирь,1
2026-05-26,SKU009,ДВ,1
2026-05-26,SKU009,Центр-2,1
2026-05-26,SKU011,Центр,1
2026-05-26,SKU011,Сибирь,1
2026-05-26,SKU012,Юг,1
2026-05-26,SKU013,Центр,1
2026-05-26,SKU013,Поволжье,1
2026-05-26,SKU013,Урал,1
2026-05-26,SKU013,Сибирь,1
2026-05-26,SKU014,Урал,1
2026-05-26,SKU015,Центр,1
2026-05-26,SKU016,Центр,5
2026-05-26,SKU016,СЗ,2
2026-05-26,SKU016,Урал,1
2026-05-26,SKU016,Сибирь,1
2026-05-26,SKU017,Центр,1
2026-05-26,SKU017,ДВ,1
2026-05-26,SKU018,ДВ,2
2026-05-26,SKU019,Центр,1
2026-05-26,SKU019,СЗ,1
2026-05-26,SKU019,Юг,1
2026-05-26,SKU020,Центр,1
2026-05-26,SKU020,СЗ,1
2026-05-26,SKU021,Центр,1
2026-05-26,SKU022,Центр,2
2026-05-26,SKU022,СЗ,1
2026-05-26,SKU022,Юг,1
2026-05-26,SKU023,СЗ,1
2026-05-26,SKU024,Центр,1
2026-05-26,SKU025,Поволжье,1
2026-05-26,SKU026,Центр,1
2026-05-26,SKU026,СЗ,1
2026-05-26,SKU026,Поволжье,1
2026-05-26,SKU026,Сибирь,1
2026-05-26,SKU028,Центр,1
2026-05-26,SKU028,СЗ,1
2026-05-26,SKU028,Юг,1
2026-05-26,SKU028,Поволжье,2
2026-05-26,SKU030,Центр,2
2026-05-26,SKU030,Юг,1
2026-05-26,SKU030,Поволжье,1
2026-05-26,SKU031,СЗ,1
2026-05-26,SKU032,Центр,2
2026-05-26,SKU033,Центр,1
2026-05-26,SKU034,СЗ,2
2026-05-26,SKU034,Поволжье,1
2026-05-26,SKU035,Центр,1
2026-05-26,SKU038,ДВ,1
2026-05-26,SKU039,Центр,1
2026-05-26,SKU040,Центр,3
2026-05-26,SKU040,Юг,1
2026-05-27,SKU001,Юг,1
2026-05-27,SKU001,Поволжье,1
2026-05-27,SKU003,Поволжье,1
2026-05-27,SKU004,Центр,1
2026-05-27,SKU004,СЗ,1
2026-05-27,SKU004,Юг,1
2026-05-27,SKU006,Урал,1
2026-05-27,SKU007,СЗ,1
2026-05-27,SKU009,Центр,1
2026-05-27,SKU009,СЗ,2
2026-05-27,SKU009,Центр-2,1
2026-05-27,SKU010,Юг,1
2026-05-27,SKU011,Центр,3
2026-05-27,SKU013,Центр,2
2026-05-27,SKU013,Поволжье,1
2026-05-27,SKU014,Центр,1
2026-05-27,SKU016,Центр,1
2026-05-27,SKU016,СЗ,2
2026-05-27,SKU016,Юг,1
2026-05-27,SKU017,Центр,2
2026-05-27,SKU017,Сибирь,1
2026-05-27,SKU018,Центр,1
2026-05-27,SKU019,Центр,1
2026-05-27,SKU021,СЗ,1
2026-05-27,SKU022,Центр,2
2026-05-27,SKU022,СЗ,1
2026-05-27,SKU022,Поволжье,2
2026-05-27,SKU022,Сибирь,1
2026-05-27,SKU026,Центр,1
2026-05-27,SKU026,Поволжье,1
2026-05-27,SKU026,Сибирь,1
2026-05-27,SKU026,Центр-2,1
2026-05-27,SKU027,СЗ,1
2026-05-27,SKU028,Центр,1
2026-05-27,SKU028,СЗ,1
2026-05-27,SKU029,Центр,1
2026-05-27,SKU029,СЗ,1
2026-05-27,SKU030,Центр,1
2026-05-27,SKU030,СЗ,1
2026-05-27,SKU030,Юг,3
2026-05-27,SKU031,Центр,1
2026-05-27,SKU034,СЗ,1
2026-05-27,SKU036,Поволжье,1
2026-05-27,SKU040,Центр,1
2026-05-27,SKU040,СЗ,1
2026-05-27,SKU040,Юг,1
2026-05-27,SKU040,Поволжье,1
2026-05-27,SKU040,Урал,1
2026-05-28,SKU003,Юг,1
2026-05-28,SKU004,Центр,2
2026-05-28,SKU006,СЗ,1
2026-05-28,SKU007,Центр,2
2026-05-28,SKU009,СЗ,1
2026-05-28,SKU009,Юг,2
2026-05-28,SKU009,Поволжье,1
2026-05-28,SKU009,Урал,1
2026-05-28,SKU010,Центр,1
2026-05-28,SKU011,Центр,1
2026-05-28,SKU012,Центр,1
2026-05-28,SKU013,Поволжье,2
2026-05-28,SKU015,Центр,1
2026-05-28,SKU016,Центр,4
2026-05-28,SKU016,СЗ,1
2026-05-28,SKU017,Центр,3
2026-05-28,SKU017,Сибирь,1
2026-05-28,SKU018,Центр,1
2026-05-28,SKU019,Центр,1
2026-05-28,SKU020,Центр,1
2026-05-28,SKU021,СЗ,1
2026-05-28,SKU022,Центр,1
2026-05-28,SKU022,Поволжье,2
2026-05-28,SKU022,Урал,1
2026-05-28,SKU023,Центр,1
2026-05-28,SKU023,ДВ,1
2026-05-28,SKU025,Юг,1
2026-05-28,SKU027,СЗ,1
2026-05-28,SKU028,Центр,1
2026-05-28,SKU028,Поволжье,1
2026-05-28,SKU028,Сибирь,2
2026-05-28,SKU029,Центр,1
2026-05-28,SKU030,СЗ,1
2026-05-28,SKU030,Юг,2
2026-05-28,SKU031,СЗ,1
2026-05-28,SKU031,Урал,1
2026-05-28,SKU031,Сибирь,1
2026-05-28,SKU031,Центр-2,1
2026-05-28,SKU032,СЗ,1
2026-05-28,SKU033,Центр,3
2026-05-28,SKU033,Поволжье,1
2026-05-28,SKU035,Урал,1
2026-05-28,SKU038,Центр,1
2026-05-28,SKU040,Центр,3
2026-05-28,SKU040,СЗ,1
2026-05-29,SKU001,Центр,2
2026-05-29,SKU002,Центр,2
2026-05-29,SKU002,Урал,1
2026-05-29,SKU003,Юг,1
2026-05-29,SKU007,Центр,2
2026-05-29,SKU009,Центр,1
2026-05-29,SKU009,СЗ,2
2026-05-29,SKU011,Центр,1
2026-05-29,SKU011,СЗ,1
2026-05-29,SKU013,ДВ,1
2026-05-29,SKU014,Центр,2
2026-05-29,SKU014,СЗ,1
2026-05-29,SKU014,Поволжье,1
2026-05-29,SKU014,ДВ,1
2026-05-29,SKU015,Центр,1
2026-05-29,SKU016,Центр,2
2026-05-29,SKU016,Юг,1
2026-05-29,SKU016,Сибирь,1
2026-05-29,SKU017,Центр,3
2026-05-29,SKU017,Поволжье,1
2026-05-29,SKU017,Урал,2
2026-05-29,SKU019,Центр,1
2026-05-29,SKU019,Поволжье,1
2026-05-29,SKU021,Центр,1
2026-05-29,SKU021,Урал,1
2026-05-29,SKU022,Центр,2
2026-05-29,SKU022,СЗ,1
2026-05-29,SKU022,Поволжье,1
2026-05-29,SKU023,Урал,1
2026-05-29,SKU024,СЗ,1
2026-05-29,SKU024,Юг,1
2026-05-29,SKU027,Юг,1
2026-05-29,SKU028,СЗ,1
2026-05-29,SKU028,Юг,1
2026-05-29,SKU030,Центр,1
2026-05-29,SKU030,Поволжье,1
2026-05-29,SKU031,Поволжье,1
2026-05-29,SKU031,Урал,1
2026-05-29,SKU034,Центр,2
2026-05-29,SKU035,Юг,1
2026-05-29,SKU040,Центр,1
2026-05-29,SKU040,Сибирь,1
2026-05-30,SKU001,Центр,2
2026-05-30,SKU001,Сибирь,1
2026-05-30,SKU002,Сибирь,1
2026-05-30,SKU003,Центр,1
2026-05-30,SKU005,Центр,1
2026-05-30,SKU007,Поволжье,1
2026-05-30,SKU009,Центр,1
2026-05-30,SKU009,Поволжье,1
2026-05-30,SKU009,Урал,1
2026-05-30,SKU011,Поволжье,1
2026-05-30,SKU012,Центр,1
2026-05-30,SKU013,Центр,1
2026-05-30,SKU013,Центр-2,1
2026-05-30,SKU014,Центр,2
2026-05-30,SKU015,СЗ,1
2026-05-30,SKU016,Поволжье,1
2026-05-30,SKU017,Центр,3
2026-05-30,SKU017,Сибирь,1
2026-05-30,SKU018,Центр,1
2026-05-30,SKU018,Поволжье,1
2026-05-30,SKU019,Центр,1
2026-05-30,SKU019,Сибирь,1
2026-05-30,SKU022,Центр,1
2026-05-30,SKU024,Юг,2
2026-05-30,SKU025,Юг,1
2026-05-30,SKU028,Центр,4
2026-05-30,SKU028,СЗ,1
2026-05-30,SKU028,Урал,1
2026-05-30,SKU028,Сибирь,1
2026-05-30,SKU029,Центр,1
2026-05-30,SKU029,Урал,1
2026-05-30,SKU030,Центр,1
2026-05-30,SKU031,Центр,1
2026-05-30,SKU032,СЗ,1
2026-05-30,SKU033,Центр,1
2026-05-30,SKU034,Центр,1
2026-05-30,SKU035,СЗ,1
2026-05-30,SKU035,Поволжье,2
2026-05-30,SKU036,Урал,1
2026-05-30,SKU037,Юг,1
2026-05-30,SKU039,Центр,1
2026-05-30,SKU039,СЗ,1
2026-05-30,SKU040,Центр,3
2026-05-30,SKU040,Юг,1
2026-05-30,SKU040,Урал,2
2026-05-31,SKU001,Сибирь,1
2026-05-31,SKU002,Центр,2
2026-05-31,SKU002,Юг,1
2026-05-31,SKU002,Поволжье,1
2026-05-31,SKU004,Центр,2
2026-05-31,SKU007,СЗ,1
2026-05-31,SKU007,Сибирь,1
2026-05-31,SKU009,СЗ,1
2026-05-31,SKU009,Юг,1
2026-05-31,SKU009,ДВ,1
2026-05-31,SKU009,Центр-2,1
2026-05-31,SKU011,Центр,1
2026-05-31,SKU011,Сибирь,1
2026-05-31,SKU013,Урал,1
2026-05-31,SKU013,Сибирь,1
2026-05-31,SKU016,Центр,4
2026-05-31,SKU016,Юг,2
2026-05-31,SKU016,Урал,1
2026-05-31,SKU016,ДВ,1
2026-05-31,SKU017,СЗ,1
2026-05-31,SKU020,Центр,1
2026-05-31,SKU020,Юг,1
2026-05-31,SKU022,Центр,2
2026-05-31,SKU022,Юг,1
2026-05-31,SKU022,Урал,1
2026-05-31,SKU024,Центр,1
2026-05-31,SKU024,Центр-2,2
2026-05-31,SKU028,Центр,1
2026-05-31,SKU028,СЗ,1
2026-05-31,SKU028,Юг,2
2026-05-31,SKU028,Поволжье,1
2026-05-31,SKU029,Центр,1
2026-05-31,SKU030,Центр,2
2026-05-31,SKU030,Юг,1
2026-05-31,SKU033,Сибирь,1
2026-05-31,SKU036,ДВ,1
2026-05-31,SKU037,Центр,1
2026-05-31,SKU038,Центр,1
2026-05-31,SKU039,Центр,1
2026-05-31,SKU039,СЗ,1
2026-05-31,SKU040,СЗ,2
2026-05-31,SKU040,Юг,1
2026-05-31,SKU040,Поволжье,1
2026-05-31,SKU040,ДВ,1
2026-05-31,SKU040,Центр-2,1
2026-06-01,SKU002,Центр,1
2026-06-01,SKU002,Юг,1
2026-06-01,SKU002,Урал,1
2026-06-01,SKU004,Урал,1
2026-06-01,SKU007,Юг,1
2026-06-01,SKU011,Юг,1
2026-06-01,SKU011,Поволжье,1
2026-06-01,SKU013,Центр,3
2026-06-01,SKU013,СЗ,1
2026-06-01,SKU013,Поволжье,2
2026-06-01,SKU013,Урал,1
2026-06-01,SKU014,Центр,1
2026-06-01,SKU014,Поволжье,1
2026-06-01,SKU016,Центр,5
2026-06-01,SKU016,Юг,1
2026-06-01,SKU016,Урал,3
2026-06-01,SKU016,ДВ,1
2026-06-01,SKU017,Центр,1
2026-06-01,SKU017,Юг,1
2026-06-01,SKU017,Поволжье,1
2026-06-01,SKU017,Центр-2,1
2026-06-01,SKU018,Центр,1
2026-06-01,SKU018,СЗ,1
2026-06-01,SKU019,Сибирь,1
2026-06-01,SKU021,Юг,1
2026-06-01,SKU022,Центр,3
2026-06-01,SKU022,СЗ,2
2026-06-01,SKU022,Поволжье,1
2026-06-01,SKU023,Центр,1
2026-06-01,SKU024,Центр,2
2026-06-01,SKU025,Поволжье,1
2026-06-01,SKU026,Центр,1
2026-06-01,SKU026,СЗ,1
2026-06-01,SKU028,Центр,3
2026-06-01,SKU028,СЗ,2
2026-06-01,SKU028,Юг,1
2026-06-01,SKU029,Центр,1
2026-06-01,SKU029,СЗ,1
2026-06-01,SKU030,Центр,2
2026-06-01,SKU030,СЗ,2
2026-06-01,SKU030,Юг,1
2026-06-01,SKU030,Поволжье,2
2026-06-01,SKU031,СЗ,2
2026-06-01,SKU034,Урал,1
2026-06-01,SKU035,Центр-2,1
2026-06-01,SKU037,Центр,1
2026-06-01,SKU038,ДВ,1
2026-06-01,SKU040,Центр,2
2026-06-01,SKU040,Урал,3
2026-06-01,SKU040,Сибирь,2
2026-06-02,SKU001,Урал,1
2026-06-02,SKU002,Центр,1
2026-06-02,SKU003,Центр,1
2026-06-02,SKU004,Сибирь,1
2026-06-02,SKU004,Центр-2,1
2026-06-02,SKU005,Поволжье,1
2026-06-02,SKU006,ДВ,1
2026-06-02,SKU007,Центр-2,1
2026-06-02,SKU009,Центр,1
2026-06-02,SKU009,СЗ,1
2026-06-02,SKU009,Юг,1
2026-06-02,SKU012,Сибирь,1
2026-06-02,SKU013,Центр,2
2026-06-02,SKU013,СЗ,1
2026-06-02,SKU013,Поволжье,2
2026-06-02,SKU014,СЗ,1
2026-06-02,SKU016,Центр,5
2026-06-02,SKU016,Урал,1
2026-06-02,SKU017,Центр,2
2026-06-02,SKU017,СЗ,1
2026-06-02,SKU017,Юг,1
2026-06-02,SKU017,Урал,1
2026-06-02,SKU018,Центр,1
2026-06-02,SKU019,Центр,1
2026-06-02,SKU019,СЗ,1
2026-06-02,SKU022,Сибирь,1
2026-06-02,SKU023,Урал,1
2026-06-02,SKU024,Сибирь,1
2026-06-02,SKU026,Центр,1
2026-06-02,SKU027,Поволжье,1
2026-06-02,SKU028,Центр,1
2026-06-02,SKU028,Юг,1
2026-06-02,SKU028,Поволжье,2
2026-06-02,SKU028,Урал,1
2026-06-02,SKU028,Сибирь,1
2026-06-02,SKU029,Поволжье,1
2026-06-02,SKU030,Центр,3
2026-06-02,SKU030,Юг,1
2026-06-02,SKU030,Поволжье,1
2026-06-02,SKU031,Центр,2
2026-06-02,SKU031,Юг,1
2026-06-02,SKU032,СЗ,1
2026-06-02,SKU033,Центр,1
2026-06-02,SKU034,СЗ,1
2026-06-02,SKU036,СЗ,1
2026-06-02,SKU037,Юг,1
2026-06-02,SKU039,Центр,1
2026-06-02,SKU040,Центр,3
2026-06-02,SKU040,Юг,2
2026-06-02,SKU040,Поволжье,1
2026-06-02,SKU040,Урал,1
2026-06-02,SKU040,Сибирь,1
2026-06-03,SKU001,Центр,1
2026-06-03,SKU001,Поволжье,1
2026-06-03,SKU001,Сибирь,1
2026-06-03,SKU002,Юг,1
2026-06-03,SKU003,Сибирь,1
2026-06-03,SKU004,Юг,1
2026-06-03,SKU004,Сибирь,1
2026-06-03,SKU006,Центр,1
2026-06-03,SKU009,Центр,1
2026-06-03,SKU009,Юг,1
2026-06-03,SKU009,Поволжье,1
2026-06-03,SKU009,Урал,2
2026-06-03,SKU011,СЗ,1
2026-06-03,SKU012,Урал,1
2026-06-03,SKU013,Сибирь,1
2026-06-03,SKU013,ДВ,1
2026-06-03,SKU014,Центр,1
2026-06-03,SKU015,Центр,1
2026-06-03,SKU015,Сибирь,1
2026-06-03,SKU016,Центр,3
2026-06-03,SKU016,Сибирь,1
2026-06-03,SKU017,Центр,3
2026-06-03,SKU017,Урал,3
2026-06-03,SKU017,Центр-2,1
2026-06-03,SKU020,Поволжье,1
2026-06-03,SKU022,Центр,1
2026-06-03,SKU022,Юг,1
2026-06-03,SKU023,Центр,2
2026-06-03,SKU023,Юг,1
2026-06-03,SKU024,СЗ,1
2026-06-03,SKU025,Центр,1
2026-06-03,SKU026,Центр,1
2026-06-03,SKU026,Поволжье,1
2026-06-03,SKU027,Юг,1
2026-06-03,SKU028,СЗ,2
2026-06-03,SKU029,СЗ,1
2026-06-03,SKU030,Центр,1
2026-06-03,SKU030,Урал,1
2026-06-03,SKU031,Юг,1
2026-06-03,SKU032,Поволжье,1
2026-06-03,SKU033,Центр,2
2026-06-03,SKU033,Урал,1
2026-06-03,SKU035,Центр,2
2026-06-03,SKU036,ДВ,1
2026-06-03,SKU037,Центр,1
2026-06-03,SKU037,Поволжье,1
2026-06-03,SKU040,Центр,2
2026-06-03,SKU040,СЗ,1
2026-06-03,SKU040,Юг,1
2026-06-03,SKU040,Урал,2
2026-06-03,SKU040,Сибирь,2
2026-06-04,SKU001,СЗ,1
2026-06-04,SKU004,Поволжье,1
2026-06-04,SKU007,Поволжье,2
2026-06-04,SKU009,СЗ,1
2026-06-04,SKU011,Центр,1
2026-06-04,SKU013,Центр,3
2026-06-04,SKU013,Юг,1
2026-06-04,SKU014,Центр,2
2026-06-04,SKU014,Поволжье,2
2026-06-04,SKU016,СЗ,1
2026-06-04,SKU016,Поволжье,1
2026-06-04,SKU017,Центр,2
2026-06-04,SKU017,Юг,1
2026-06-04,SKU017,Поволжье,2
2026-06-04,SKU017,Центр-2,1
2026-06-04,SKU022,Центр,1
2026-06-04,SKU022,Юг,1
2026-06-04,SKU022,Поволжье,1
2026-06-04,SKU023,Центр,1
2026-06-04,SKU028,Центр,4
2026-06-04,SKU028,СЗ,2
2026-06-04,SKU028,Поволжье,1
2026-06-04,SKU029,Центр,1
2026-06-04,SKU030,Центр,1
2026-06-04,SKU030,СЗ,1
2026-06-04,SKU030,Урал,1
2026-06-04,SKU030,Сибирь,1
2026-06-04,SKU033,Поволжье,1
2026-06-04,SKU034,Центр,1
2026-06-04,SKU034,СЗ,1
2026-06-04,SKU035,Центр,1
2026-06-04,SKU035,Урал,1
2026-06-04,SKU037,Юг,1
2026-06-04,SKU038,Центр,1
2026-06-04,SKU038,Юг,1
2026-06-04,SKU040,Центр,3
2026-06-04,SKU040,Юг,1
2026-06-04,SKU040,Поволжье,1
2026-06-04,SKU040,Сибирь,1
2026-06-04,SKU040,Центр-2,1
2026-06-05,SKU001,Урал,1
2026-06-05,SKU004,Урал,1
2026-06-05,SKU004,Сибирь,1
2026-06-05,SKU009,Центр,1
2026-06-05,SKU009,Сибирь,2
2026-06-05,SKU011,Поволжье,2
2026-06-05,SKU011,Урал,1
2026-06-05,SKU012,Центр,2
2026-06-05,SKU012,Поволжье,2
2026-06-05,SKU013,Центр,1
2026-06-05,SKU013,Сибирь,1
2026-06-05,SKU014,Юг,1
2026-06-05,SKU014,Поволжье,1
2026-06-05,SKU016,Центр,3
2026-06-05,SKU016,Урал,1
2026-06-05,SKU016,Сибирь,1
2026-06-05,SKU017,Центр,5
2026-06-05,SKU018,Центр,1
2026-06-05,SKU018,Юг,1
2026-06-05,SKU018,ДВ,1
2026-06-05,SKU019,Юг,1
2026-06-05,SKU019,Урал,1
2026-06-05,SKU022,Центр,4
2026-06-05,SKU022,Поволжье,1
2026-06-05,SKU022,Урал,2
2026-06-05,SKU024,Центр,2
2026-06-05,SKU026,Центр,2
2026-06-05,SKU027,СЗ,1
2026-06-05,SKU028,Центр,3
2026-06-05,SKU028,Юг,1
2026-06-05,SKU028,Поволжье,2
2026-06-05,SKU028,Сибирь,1
2026-06-05,SKU029,Центр,1
2026-06-05,SKU029,СЗ,1
2026-06-05,SKU030,Центр,3
2026-06-05,SKU030,Юг,3
2026-06-05,SKU030,Сибирь,1
2026-06-05,SKU031,Центр,1
2026-06-05,SKU031,Поволжье,1
2026-06-05,SKU031,Урал,1
2026-06-05,SKU033,Юг,1
2026-06-05,SKU035,Центр,2
2026-06-05,SKU035,Юг,1
2026-06-05,SKU036,СЗ,1
2026-06-05,SKU037,СЗ,1
2026-06-05,SKU038,СЗ,1
2026-06-05,SKU038,Сибирь,1
2026-06-05,SKU040,Центр,1
2026-06-05,SKU040,СЗ,2
2026-06-05,SKU040,Юг,2
2026-06-06,SKU002,СЗ,2
2026-06-06,SKU004,Центр,1
2026-06-06,SKU006,Сибирь,1
2026-06-06,SKU009,Центр,1
2026-06-06,SKU009,СЗ,1
2026-06-06,SKU009,Поволжье,2
2026-06-06,SKU011,Центр,5
2026-06-06,SKU011,Юг,1
2026-06-06,SKU011,Поволжье,1
2026-06-06,SKU013,Центр,1
2026-06-06,SKU013,Поволжье,1
2026-06-06,SKU014,Поволжье,1
2026-06-06,SKU014,Сибирь,1
2026-06-06,SKU016,Центр,3
2026-06-06,SKU016,СЗ,1
2026-06-06,SKU016,Урал,1
2026-06-06,SKU017,Центр,2
2026-06-06,SKU018,Центр,1
2026-06-06,SKU018,СЗ,1
2026-06-06,SKU019,СЗ,1
2026-06-06,SKU020,Центр,1
2026-06-06,SKU022,Центр,2
2026-06-06,SKU022,Поволжье,1
2026-06-06,SKU023,СЗ,1
2026-06-06,SKU024,СЗ,1
2026-06-06,SKU025,ДВ,1
2026-06-06,SKU026,Центр,1
2026-06-06,SKU026,Центр-2,1
2026-06-06,SKU028,Центр,2
2026-06-06,SKU028,СЗ,2
2026-06-06,SKU028,Юг,2
2026-06-06,SKU028,Поволжье,2
2026-06-06,SKU028,Урал,1
2026-06-06,SKU028,Центр-2,1
2026-06-06,SKU029,Юг,1
2026-06-06,SKU030,Урал,1
2026-06-06,SKU031,Центр,1
2026-06-06,SKU031,СЗ,2
2026-06-06,SKU035,СЗ,1
2026-06-06,SKU036,СЗ,1
2026-06-06,SKU037,Центр,1
2026-06-06,SKU039,Поволжье,1
2026-06-06,SKU040,Центр,2
2026-06-06,SKU040,Юг,1
2026-06-06,SKU040,Урал,1
2026-06-06,SKU040,Сибирь,1
2026-06-06,SKU040,ДВ,1
2026-06-07,SKU001,Центр,1
2026-06-07,SKU001,Урал,1
2026-06-07,SKU002,Центр,1
2026-06-07,SKU002,Поволжье,1
2026-06-07,SKU004,Центр,1
2026-06-07,SKU004,СЗ,1
2026-06-07,SKU004,Юг,1
2026-06-07,SKU004,Сибирь,1
2026-06-07,SKU004,Центр-2,1
2026-06-07,SKU007,Центр,1
2026-06-07,SKU009,Центр,1
2026-06-07,SKU009,Поволжье,1
2026-06-07,SKU009,Сибирь,1
2026-06-07,SKU011,Поволжье,1
2026-06-07,SKU011,Центр-2,1
2026-06-07,SKU014,Центр,2
2026-06-07,SKU016,Центр,3
2026-06-07,SKU016,СЗ,1
2026-06-07,SKU016,Юг,1
2026-06-07,SKU016,Сибирь,1
2026-06-07,SKU017,Центр,3
2026-06-07,SKU017,Урал,1
2026-06-07,SKU018,Центр,1
2026-06-07,SKU020,Поволжье,1
2026-06-07,SKU021,Поволжье,1
2026-06-07,SKU022,Центр,2
2026-06-07,SKU022,Юг,1
2026-06-07,SKU022,Поволжье,2
2026-06-07,SKU023,Центр,1
2026-06-07,SKU023,Сибирь,1
2026-06-07,SKU024,Центр,2
2026-06-07,SKU025,Центр,1
2026-06-07,SKU026,СЗ,1
2026-06-07,SKU028,Центр,3
2026-06-07,SKU030,Центр,1
2026-06-07,SKU030,Поволжье,1
2026-06-07,SKU030,Центр-2,1
2026-06-07,SKU032,Сибирь,1
2026-06-07,SKU033,Центр,2
2026-06-07,SKU034,Центр,1
2026-06-07,SKU034,Поволжье,1
2026-06-07,SKU035,Центр,1
2026-06-07,SKU035,Юг,1
2026-06-07,SKU036,Центр,1
2026-06-07,SKU037,Центр,2
2026-06-07,SKU039,СЗ,1
2026-06-07,SKU040,Центр,4
2026-06-07,SKU040,СЗ,1
2026-06-07,SKU040,Юг,3
2026-06-07,SKU040,Поволжье,1
2026-06-07,SKU040,Урал,1
2026-06-08,SKU001,Центр,2
2026-06-08,SKU001,Юг,1
2026-06-08,SKU004,Центр,2
2026-06-08,SKU007,Центр,2
2026-06-08,SKU007,Юг,1
2026-06-08,SKU009,СЗ,1
2026-06-08,SKU009,Сибирь,1
2026-06-08,SKU011,Центр,1
2026-06-08,SKU011,Юг,1
2026-06-08,SKU012,Урал,1
2026-06-08,SKU013,Центр,1
2026-06-08,SKU013,Поволжье,1
2026-06-08,SKU015,Поволжье,1
2026-06-08,SKU016,Центр,4
2026-06-08,SKU016,Юг,1
2026-06-08,SKU017,Центр,2
2026-06-08,SKU017,СЗ,2
2026-06-08,SKU018,Центр,2
2026-06-08,SKU018,Юг,1
2026-06-08,SKU020,Центр,1
2026-06-08,SKU020,Сибирь,1
2026-06-08,SKU022,Центр,5
2026-06-08,SKU022,Поволжье,1
2026-06-08,SKU023,Урал,1
2026-06-08,SKU024,Центр,1
2026-06-08,SKU028,Центр,1
2026-06-08,SKU028,Сибирь,1
2026-06-08,SKU030,Центр,1
2026-06-08,SKU030,СЗ,1
2026-06-08,SKU030,Юг,1
2026-06-08,SKU030,Поволжье,1
2026-06-08,SKU031,Центр,1
2026-06-08,SKU031,СЗ,2
2026-06-08,SKU032,Сибирь,1
2026-06-08,SKU033,Центр,1
2026-06-08,SKU034,Центр,1
2026-06-08,SKU034,СЗ,1
2026-06-08,SKU035,Поволжье,1
2026-06-08,SKU036,Юг,1
2026-06-08,SKU037,Центр,1
2026-06-08,SKU037,СЗ,1
2026-06-08,SKU037,Юг,1
2026-06-08,SKU040,Центр,3
2026-06-08,SKU040,СЗ,1
2026-06-08,SKU040,Поволжье,1
2026-06-08,SKU040,Урал,2
2026-06-08,SKU040,Сибирь,1
2026-06-09,SKU002,Юг,1
2026-06-09,SKU003,Центр,1
2026-06-09,SKU004,Сибирь,1
2026-06-09,SKU007,Центр,2
2026-06-09,SKU007,Юг,1
2026-06-09,SKU007,Урал,1
2026-06-09,SKU009,СЗ,1
2026-06-09,SKU011,Центр,2
2026-06-09,SKU011,Юг,1
2026-06-09,SKU011,Поволжье,1
2026-06-09,SKU012,Центр,1
2026-06-09,SKU013,Центр,3
2026-06-09,SKU013,Юг,2
2026-06-09,SKU016,Центр,5
2026-06-09,SKU016,Урал,3
2026-06-09,SKU016,Сибирь,1
2026-06-09,SKU017,Центр,3
2026-06-09,SKU017,СЗ,1
2026-06-09,SKU017,Урал,1
2026-06-09,SKU018,Центр,1
2026-06-09,SKU018,Сибирь,1
2026-06-09,SKU019,Центр,3
2026-06-09,SKU019,СЗ,1
2026-06-09,SKU020,Центр,1
2026-06-09,SKU022,Центр,2
2026-06-09,SKU022,Поволжье,1
2026-06-09,SKU022,Сибирь,1
2026-06-09,SKU024,Центр,1
2026-06-09,SKU024,Юг,1
2026-06-09,SKU024,Центр-2,1
2026-06-09,SKU025,Центр,1
2026-06-09,SKU028,Центр,4
2026-06-09,SKU029,Центр,2
2026-06-09,SKU030,Центр,3
2026-06-09,SKU030,СЗ,1
2026-06-09,SKU030,Урал,1
2026-06-09,SKU031,Центр,1
2026-06-09,SKU031,Урал,2
2026-06-09,SKU032,Сибирь,1
2026-06-09,SKU033,Юг,1
2026-06-09,SKU034,Центр,1
2026-06-09,SKU035,Центр,2
2026-06-09,SKU035,Сибирь,1
2026-06-09,SKU036,СЗ,1
2026-06-09,SKU037,Центр,1
2026-06-09,SKU038,ДВ,1
2026-06-09,SKU040,Центр,7
2026-06-09,SKU040,СЗ,2
2026-06-09,SKU040,Поволжье,2
2026-06-09,SKU040,Урал,1
2026-06-10,SKU001,Поволжье,1
2026-06-10,SKU002,Центр,1
2026-06-10,SKU003,Центр,1
2026-06-10,SKU004,Поволжье,2
2026-06-10,SKU006,Юг,1
2026-06-10,SKU009,Центр,3
2026-06-10,SKU009,Юг,1
2026-06-10,SKU009,Сибирь,1
2026-06-10,SKU009,Центр-2,1
2026-06-10,SKU010,Юг,1
2026-06-10,SKU011,Центр,2
2026-06-10,SKU011,Юг,1
2026-06-10,SKU012,Центр,1
2026-06-10,SKU012,Поволжье,1
2026-06-10,SKU013,Центр,1
2026-06-10,SKU013,Поволжье,1
2026-06-10,SKU014,Центр,2
2026-06-10,SKU015,Центр-2,1
2026-06-10,SKU016,Центр,2
2026-06-10,SKU016,СЗ,1
2026-06-10,SKU016,ДВ,1
2026-06-10,SKU017,Центр,1
2026-06-10,SKU017,Юг,1
2026-06-10,SKU017,Урал,1
2026-06-10,SKU017,Сибирь,1
2026-06-10,SKU019,Центр,1
2026-06-10,SKU020,Центр,1
2026-06-10,SKU021,Центр,1
2026-06-10,SKU022,Центр,1
2026-06-10,SKU022,Поволжье,1
2026-06-10,SKU024,Центр,1
2026-06-10,SKU025,Центр,1
2026-06-10,SKU027,Центр,2
2026-06-10,SKU027,Поволжье,1
2026-06-10,SKU027,Сибирь,1
2026-06-10,SKU028,Центр,6
2026-06-10,SKU028,СЗ,1
2026-06-10,SKU028,Юг,1
2026-06-10,SKU028,Сибирь,1
2026-06-10,SKU029,Центр,1
2026-06-10,SKU029,СЗ,1
2026-06-10,SKU030,Центр,1
2026-06-10,SKU030,СЗ,1
2026-06-10,SKU030,Юг,2
2026-06-10,SKU030,Поволжье,1
2026-06-10,SKU031,Сибирь,1
2026-06-10,SKU033,СЗ,1
2026-06-10,SKU033,Сибирь,1
2026-06-10,SKU036,Юг,1
2026-06-10,SKU036,Сибирь,1
2026-06-10,SKU037,Центр,1
2026-06-10,SKU037,Сибирь,1
2026-06-10,SKU040,Центр,2
2026-06-10,SKU040,Урал,2
2026-06-10,SKU040,ДВ,1
2026-06-11,SKU001,Центр,2
2026-06-11,SKU001,Сибирь,1
2026-06-11,SKU002,Центр,1
2026-06-11,SKU002,Поволжье,1
2026-06-11,SKU002,Урал,1
2026-06-11,SKU003,Центр,1
2026-06-11,SKU003,СЗ,1
2026-06-11,SKU003,Поволжье,1
2026-06-11,SKU004,Юг,1
2026-06-11,SKU004,Поволжье,2
2026-06-11,SKU007,Центр,3
2026-06-11,SKU007,Поволжье,1
2026-06-11,SKU007,Сибирь,2
2026-06-11,SKU009,Центр,2
2026-06-11,SKU009,Юг,2
2026-06-11,SKU011,Урал,1
2026-06-11,SKU011,Центр-2,1
2026-06-11,SKU014,Центр,5
2026-06-11,SKU016,Центр,4
2026-06-11,SKU016,СЗ,1
2026-06-11,SKU017,Центр,1
2026-06-11,SKU017,СЗ,1
2026-06-11,SKU017,Юг,2
2026-06-11,SKU018,Центр,1
2026-06-11,SKU018,Урал,1
2026-06-11,SKU021,Центр,1
2026-06-11,SKU022,Центр,2
2026-06-11,SKU022,Поволжье,3
2026-06-11,SKU022,Урал,1
2026-06-11,SKU022,Сибирь,1
2026-06-11,SKU022,ДВ,1
2026-06-11,SKU023,Урал,1
2026-06-11,SKU024,Поволжье,1
2026-06-11,SKU025,Центр,1
2026-06-11,SKU028,Центр,5
2026-06-11,SKU028,СЗ,1
2026-06-11,SKU028,Сибирь,1
2026-06-11,SKU029,Центр,1
2026-06-11,SKU029,СЗ,1
2026-06-11,SKU029,Поволжье,1
2026-06-11,SKU029,Урал,1
2026-06-11,SKU029,ДВ,1
2026-06-11,SKU030,Центр,2
2026-06-11,SKU030,СЗ,1
2026-06-11,SKU030,Урал,1
2026-06-11,SKU031,Центр,1
2026-06-11,SKU031,СЗ,1
2026-06-11,SKU033,СЗ,1
2026-06-11,SKU034,Центр,1
2026-06-11,SKU034,СЗ,2
2026-06-11,SKU035,Юг,1
2026-06-11,SKU035,Поволжье,1
2026-06-11,SKU036,Юг,1
2026-06-11,SKU038,Центр,1
2026-06-11,SKU039,ДВ,1
2026-06-11,SKU040,Центр,4
2026-06-11,SKU040,Юг,1
2026-06-11,SKU040,Поволжье,2
2026-06-11,SKU040,Сибирь,1
2026-06-12,SKU001,Сибирь,1
2026-06-12,SKU002,Центр,3
2026-06-12,SKU004,Центр,2
2026-06-12,SKU004,Поволжье,1
2026-06-12,SKU006,Центр,1
2026-06-12,SKU007,Центр,2
2026-06-12,SKU007,Юг,1
2026-06-12,SKU007,Сибирь,1
2026-06-12,SKU009,Центр,3
2026-06-12,SKU009,СЗ,1
2026-06-12,SKU011,Центр,2
2026-06-12,SKU011,СЗ,1
2026-06-12,SKU011,Поволжье,1
2026-06-12,SKU012,Центр,2
2026-06-12,SKU012,Сибирь,1
2026-06-12,SKU014,Центр,1
2026-06-12,SKU014,Юг,1
2026-06-12,SKU016,Центр,1
2026-06-12,SKU016,Юг,1
2026-06-12,SKU016,Поволжье,1
2026-06-12,SKU016,ДВ,2
2026-06-12,SKU017,Центр,2
2026-06-12,SKU017,СЗ,1
2026-06-12,SKU017,Урал,1
2026-06-12,SKU017,ДВ,1
2026-06-12,SKU018,Урал,1
2026-06-12,SKU019,Центр,1
2026-06-12,SKU019,СЗ,1
2026-06-12,SKU019,Поволжье,1
2026-06-12,SKU021,Центр,1
2026-06-12,SKU022,Центр,3
2026-06-12,SKU022,СЗ,1
2026-06-12,SKU022,Сибирь,1
2026-06-12,SKU023,ДВ,1
2026-06-12,SKU024,СЗ,1
2026-06-12,SKU025,Центр,1
2026-06-12,SKU025,СЗ,1
2026-06-12,SKU025,Поволжье,1
2026-06-12,SKU025,Сибирь,1
2026-06-12,SKU027,Юг,1
2026-06-12,SKU028,Центр,3
2026-06-12,SKU028,Сибирь,1
2026-06-12,SKU030,Центр,1
2026-06-12,SKU030,Юг,2
2026-06-12,SKU030,Урал,1
2026-06-12,SKU031,Центр,1
2026-06-12,SKU034,Центр,1
2026-06-12,SKU034,Центр-2,1
2026-06-12,SKU035,Центр,1
2026-06-12,SKU035,Юг,2
2026-06-12,SKU036,Центр,1
2026-06-12,SKU037,Юг,1
2026-06-12,SKU037,Поволжье,1
2026-06-12,SKU039,Юг,1
2026-06-12,SKU040,Центр,2
2026-06-12,SKU040,СЗ,1
2026-06-12,SKU040,Юг,2
2026-06-12,SKU040,Урал,1
2026-06-13,SKU001,Центр,2
2026-06-13,SKU001,Юг,1
2026-06-13,SKU002,Центр,2
2026-06-13,SKU003,Центр,1
2026-06-13,SKU006,СЗ,1
2026-06-13,SKU007,Центр,2
2026-06-13,SKU009,Центр,1
2026-06-13,SKU009,СЗ,1
2026-06-13,SKU009,Юг,1
2026-06-13,SKU009,Урал,1
2026-06-13,SKU009,Сибирь,2
2026-06-13,SKU011,Центр,1
2026-06-13,SKU011,СЗ,1
2026-06-13,SKU011,Юг,2
2026-06-13,SKU012,Центр,1
2026-06-13,SKU013,СЗ,1
2026-06-13,SKU013,Поволжье,1
2026-06-13,SKU013,Урал,1
2026-06-13,SKU013,ДВ,1
2026-06-13,SKU014,Центр,2
2026-06-13,SKU014,Поволжье,1
2026-06-13,SKU016,Центр,5
2026-06-13,SKU016,СЗ,1
2026-06-13,SKU016,Юг,1
2026-06-13,SKU016,Поволжье,1
2026-06-13,SKU016,Урал,1
2026-06-13,SKU016,Сибирь,1
2026-06-13,SKU017,Центр,3
2026-06-13,SKU017,Юг,1
2026-06-13,SKU017,Поволжье,2
2026-06-13,SKU017,Урал,1
2026-06-13,SKU017,Сибирь,2
2026-06-13,SKU018,Центр,1
2026-06-13,SKU019,Центр,1
2026-06-13,SKU020,Центр,1
2026-06-13,SKU022,Центр,3
2026-06-13,SKU022,Юг,1
2026-06-13,SKU022,Поволжье,1
2026-06-13,SKU022,Урал,1
2026-06-13,SKU022,Сибирь,1
2026-06-13,SKU024,Центр,1
2026-06-13,SKU024,СЗ,1
2026-06-13,SKU024,Юг,1
2026-06-13,SKU024,Урал,1
2026-06-13,SKU026,Центр,1
2026-06-13,SKU026,Поволжье,1
2026-06-13,SKU028,Центр,1
2026-06-13,SKU028,СЗ,2
2026-06-13,SKU028,Сибирь,3
2026-06-13,SKU030,Центр,2
2026-06-13,SKU030,Юг,1
2026-06-13,SKU030,Урал,1
2026-06-13,SKU031,Центр,1
2026-06-13,SKU031,СЗ,1
2026-06-13,SKU031,Сибирь,1
2026-06-13,SKU034,Поволжье,1
2026-06-13,SKU035,Юг,1
2026-06-13,SKU035,Урал,1
2026-06-13,SKU036,Центр,1
2026-06-13,SKU036,СЗ,1
2026-06-13,SKU040,Центр,8
2026-06-13,SKU040,Юг,1
2026-06-13,SKU040,Поволжье,3
2026-06-13,SKU040,Урал,2
2026-06-14,SKU001,Центр,1
2026-06-14,SKU001,Юг,1
2026-06-14,SKU001,Поволжье,1
2026-06-14,SKU002,Центр,1
2026-06-14,SKU002,Поволжье,1
2026-06-14,SKU002,Сибирь,1
2026-06-14,SKU004,СЗ,1
2026-06-14,SKU004,Поволжье,1
2026-06-14,SKU007,СЗ,1
2026-06-14,SKU007,Юг,1
2026-06-14,SKU009,Центр,2
2026-06-14,SKU009,Поволжье,1
2026-06-14,SKU009,Центр-2,1
2026-06-14,SKU011,Центр,1
2026-06-14,SKU011,Юг,1
2026-06-14,SKU011,Поволжье,1
2026-06-14,SKU012,Урал,1
2026-06-14,SKU013,Центр,4
2026-06-14,SKU013,Юг,1
2026-06-14,SKU014,Центр,1
2026-06-14,SKU014,Поволжье,1
2026-06-14,SKU016,СЗ,1
2026-06-14,SKU016,Поволжье,2
2026-06-14,SKU016,ДВ,1
2026-06-14,SKU017,Центр,7
2026-06-14,SKU017,СЗ,2
2026-06-14,SKU017,Юг,1
2026-06-14,SKU018,Центр,1
2026-06-14,SKU019,Центр,3
2026-06-14,SKU019,Поволжье,1
2026-06-14,SKU022,Центр,7
2026-06-14,SKU023,Центр,1
2026-06-14,SKU024,Центр,2
2026-06-14,SKU026,Центр,1
2026-06-14,SKU028,Центр,2
2026-06-14,SKU028,Юг,2
2026-06-14,SKU028,Урал,1
2026-06-14,SKU029,Юг,1
2026-06-14,SKU030,Центр,1
2026-06-14,SKU030,Юг,1
2026-06-14,SKU030,Урал,1
2026-06-14,SKU030,Сибирь,1
2026-06-14,SKU031,Центр,2
2026-06-14,SKU031,Сибирь,1
2026-06-14,SKU033,Центр,2
2026-06-14,SKU035,Юг,1
2026-06-14,SKU036,Юг,1
2026-06-14,SKU036,Сибирь,1
2026-06-14,SKU037,Центр,1
2026-06-14,SKU040,Центр,3
2026-06-14,SKU040,СЗ,2
2026-06-14,SKU040,Юг,2
2026-06-14,SKU040,Поволжье,2
2026-06-14,SKU040,Урал,4
2026-06-15,SKU001,Центр,1
2026-06-15,SKU001,Сибирь,1
2026-06-15,SKU002,Центр,2
2026-06-15,SKU002,Поволжье,1
2026-06-15,SKU003,Юг,1
2026-06-15,SKU004,Поволжье,1
2026-06-15,SKU007,Центр,1
2026-06-15,SKU007,Сибирь,1
2026-06-15,SKU008,Центр,2
2026-06-15,SKU009,ДВ,1
2026-06-15,SKU009,Центр-2,1
2026-06-15,SKU011,Центр,2
2026-06-15,SKU011,СЗ,1
2026-06-15,SKU012,Центр,2
2026-06-15,SKU013,Центр,3
2026-06-15,SKU013,Юг,1
2026-06-15,SKU013,Поволжье,1
2026-06-15,SKU013,Урал,1
2026-06-15,SKU015,Юг,1
2026-06-15,SKU016,Юг,1
2026-06-15,SKU016,Урал,1
2026-06-15,SKU016,Сибирь,1
2026-06-15,SKU016,Центр-2,1
2026-06-15,SKU017,Центр,3
2026-06-15,SKU017,Поволжье,1
2026-06-15,SKU017,Сибирь,1
2026-06-15,SKU017,Центр-2,1
2026-06-15,SKU019,Сибирь,1
2026-06-15,SKU020,Центр,1
2026-06-15,SKU020,Юг,1
2026-06-15,SKU021,Поволжье,1
2026-06-15,SKU021,Урал,1
2026-06-15,SKU022,Центр,4
2026-06-15,SKU022,СЗ,1
2026-06-15,SKU022,Поволжье,2
2026-06-15,SKU022,Сибирь,1
2026-06-15,SKU023,Поволжье,1
2026-06-15,SKU024,Центр,1
2026-06-15,SKU025,Центр,1
2026-06-15,SKU028,Центр,1
2026-06-15,SKU028,Юг,1
2026-06-15,SKU028,Поволжье,1
2026-06-15,SKU028,Центр-2,1
2026-06-15,SKU030,Центр,4
2026-06-15,SKU030,Юг,2
2026-06-15,SKU030,Поволжье,2
2026-06-15,SKU030,Урал,1
2026-06-15,SKU031,Центр,2
2026-06-15,SKU033,СЗ,1
2026-06-15,SKU034,Центр,2
2026-06-15,SKU035,Центр,2
2026-06-15,SKU035,Юг,1
2026-06-15,SKU036,ДВ,1
2026-06-15,SKU037,СЗ,1
2026-06-15,SKU040,Центр,3
2026-06-15,SKU040,СЗ,1
2026-06-15,SKU040,Юг,1
2026-06-15,SKU040,Поволжье,1
2026-06-15,SKU040,Урал,3
2026-06-15,SKU040,Центр-2,1
2026-06-16,SKU001,Центр,3
2026-06-16,SKU001,Поволжье,1
2026-06-16,SKU002,СЗ,1
2026-06-16,SKU002,Юг,1
2026-06-16,SKU003,Юг,1
2026-06-16,SKU004,Центр,1
2026-06-16,SKU004,Центр-2,1
2026-06-16,SKU005,Центр,1
2026-06-16,SKU007,Центр,2
2026-06-16,SKU007,Поволжье,1
2026-06-16,SKU008,Центр,1
2026-06-16,SKU009,Центр,1
2026-06-16,SKU009,Поволжье,1
2026-06-16,SKU009,Центр-2,1
2026-06-16,SKU011,Сибирь,2
2026-06-16,SKU012,Центр,1
2026-06-16,SKU013,Центр,1
2026-06-16,SKU013,СЗ,1
2026-06-16,SKU013,Юг,2
2026-06-16,SKU013,Урал,1
2026-06-16,SKU014,Центр,1
2026-06-16,SKU014,Юг,1
2026-06-16,SKU014,Урал,1
2026-06-16,SKU014,Сибирь,1
2026-06-16,SKU016,Центр,3
2026-06-16,SKU016,Юг,1
2026-06-16,SKU016,Сибирь,1
2026-06-16,SKU016,ДВ,1
2026-06-16,SKU017,Центр,5
2026-06-16,SKU017,СЗ,1
2026-06-16,SKU017,Урал,1
2026-06-16,SKU018,Урал,1
2026-06-16,SKU018,ДВ,1
2026-06-16,SKU019,Центр,2
2026-06-16,SKU020,СЗ,1
2026-06-16,SKU020,Поволжье,1
2026-06-16,SKU020,Сибирь,1
2026-06-16,SKU022,Центр,1
2026-06-16,SKU022,СЗ,1
2026-06-16,SKU022,Юг,1
2026-06-16,SKU022,Поволжье,3
2026-06-16,SKU022,Центр-2,1
2026-06-16,SKU024,Центр-2,1
2026-06-16,SKU025,Юг,1
2026-06-16,SKU027,СЗ,1
2026-06-16,SKU028,Центр,3
2026-06-16,SKU028,Юг,1
2026-06-16,SKU028,Сибирь,1
2026-06-16,SKU029,Центр,1
2026-06-16,SKU029,СЗ,2
2026-06-16,SKU030,СЗ,1
2026-06-16,SKU030,Юг,1
2026-06-16,SKU030,Поволжье,1
2026-06-16,SKU030,Урал,2
2026-06-16,SKU030,Сибирь,1
2026-06-16,SKU031,Центр,2
2026-06-16,SKU031,Поволжье,1
2026-06-16,SKU034,Центр,1
2026-06-16,SKU034,Урал,1
2026-06-16,SKU035,СЗ,1
2026-06-16,SKU035,Сибирь,1
2026-06-16,SKU036,Центр,1
2026-06-16,SKU038,Урал,1
2026-06-16,SKU040,Центр,2
2026-06-16,SKU040,СЗ,2
2026-06-16,SKU040,Юг,2
2026-06-16,SKU040,Урал,2
2026-06-16,SKU040,Сибирь,1
2026-06-17,SKU001,Центр,1
2026-06-17,SKU003,Центр,1
2026-06-17,SKU004,СЗ,1
2026-06-17,SKU007,Юг,1
2026-06-17,SKU009,Центр,1
2026-06-17,SKU009,СЗ,1
2026-06-17,SKU009,Поволжье,2
2026-06-17,SKU009,Сибирь,2
2026-06-17,SKU011,Центр,1
2026-06-17,SKU011,СЗ,1
2026-06-17,SKU011,Поволжье,1
2026-06-17,SKU012,Центр,1
2026-06-17,SKU013,СЗ,1
2026-06-17,SKU013,Поволжье,1
2026-06-17,SKU013,ДВ,1
2026-06-17,SKU014,Центр,2
2026-06-17,SKU015,Центр,1
2026-06-17,SKU016,Центр,4
2026-06-17,SKU016,СЗ,1
2026-06-17,SKU016,Юг,1
2026-06-17,SKU016,Поволжье,2
2026-06-17,SKU016,Сибирь,1
2026-06-17,SKU017,Центр,1
2026-06-17,SKU017,СЗ,3
2026-06-17,SKU017,Юг,1
2026-06-17,SKU017,Поволжье,1
2026-06-17,SKU017,Сибирь,1
2026-06-17,SKU018,Юг,1
2026-06-17,SKU019,Центр,1
2026-06-17,SKU019,СЗ,1
2026-06-17,SKU020,ДВ,1
2026-06-17,SKU021,Центр,1
2026-06-17,SKU022,Центр,2
2026-06-17,SKU022,Поволжье,1
2026-06-17,SKU022,Сибирь,1
2026-06-17,SKU023,Центр,1
2026-06-17,SKU023,Урал,1
2026-06-17,SKU024,СЗ,2
2026-06-17,SKU028,Центр,2
2026-06-17,SKU029,Сибирь,1
2026-06-17,SKU030,Центр,3
2026-06-17,SKU030,Поволжье,1
2026-06-17,SKU030,Сибирь,1
2026-06-17,SKU031,Центр,1
2026-06-17,SKU032,Сибирь,1
2026-06-17,SKU033,Центр,1
2026-06-17,SKU034,СЗ,1
2026-06-17,SKU035,Центр,1
2026-06-17,SKU035,Поволжье,1
2026-06-17,SKU037,Юг,1
2026-06-17,SKU040,Центр,3
2026-06-17,SKU040,СЗ,1
2026-06-17,SKU040,ДВ,3
2026-06-17,SKU040,Центр-2,1
2026-06-18,SKU001,Центр,1
2026-06-18,SKU001,СЗ,1
2026-06-18,SKU002,СЗ,1
2026-06-18,SKU002,Юг,1
2026-06-18,SKU002,Поволжье,1
2026-06-18,SKU003,Поволжье,1
2026-06-18,SKU004,Поволжье,1
2026-06-18,SKU007,Центр,1
2026-06-18,SKU007,Юг,1
2026-06-18,SKU009,Центр,1
2026-06-18,SKU009,Юг,2
2026-06-18,SKU011,Центр,1
2026-06-18,SKU011,СЗ,4
2026-06-18,SKU011,Поволжье,1
2026-06-18,SKU013,Центр,1
2026-06-18,SKU013,СЗ,1
2026-06-18,SKU013,Урал,1
2026-06-18,SKU014,Юг,1
2026-06-18,SKU015,Центр,1
2026-06-18,SKU016,Центр,5
2026-06-18,SKU016,Юг,1
2026-06-18,SKU016,Поволжье,1
2026-06-18,SKU016,Сибирь,1
2026-06-18,SKU017,Центр,4
2026-06-18,SKU017,Поволжье,1
2026-06-18,SKU017,Урал,1
2026-06-18,SKU018,Юг,1
2026-06-18,SKU019,СЗ,1
2026-06-18,SKU020,Центр,1
2026-06-18,SKU022,Центр,1
2026-06-18,SKU022,Юг,1
2026-06-18,SKU022,Поволжье,1
2026-06-18,SKU023,Центр,1
2026-06-18,SKU025,СЗ,1
2026-06-18,SKU025,Юг,1
2026-06-18,SKU028,Центр,4
2026-06-18,SKU030,СЗ,1
2026-06-18,SKU030,Поволжье,1
2026-06-18,SKU030,Урал,1
2026-06-18,SKU032,Центр,1
2026-06-18,SKU034,Центр,1
2026-06-18,SKU035,Юг,1
2026-06-18,SKU035,Урал,1
2026-06-18,SKU036,СЗ,2
2026-06-18,SKU037,Юг,1
2026-06-18,SKU040,Центр,2
2026-06-18,SKU040,СЗ,2
2026-06-18,SKU040,Юг,3
2026-06-18,SKU040,Поволжье,2
2026-06-18,SKU040,Урал,2
2026-06-18,SKU040,Сибирь,1
2026-06-18,SKU040,ДВ,1
2026-06-19,SKU001,Поволжье,1
2026-06-19,SKU002,Центр,3
2026-06-19,SKU005,Урал,1
2026-06-19,SKU005,Центр-2,1
2026-06-19,SKU007,Центр,1
2026-06-19,SKU007,Юг,1
2026-06-19,SKU009,Центр,1
2026-06-19,SKU009,СЗ,1
2026-06-19,SKU009,ДВ,1
2026-06-19,SKU010,Поволжье,1
2026-06-19,SKU011,Центр,1
2026-06-19,SKU011,СЗ,3
2026-06-19,SKU012,СЗ,1
2026-06-19,SKU013,Центр,1
2026-06-19,SKU013,СЗ,1
2026-06-19,SKU014,Сибирь,1
2026-06-19,SKU015,ДВ,1
2026-06-19,SKU016,Центр,3
2026-06-19,SKU016,Юг,2
2026-06-19,SKU016,Поволжье,1
2026-06-19,SKU017,Центр,2
2026-06-19,SKU017,Поволжье,2
2026-06-19,SKU018,СЗ,1
2026-06-19,SKU018,Урал,1
2026-06-19,SKU019,Центр,3
2026-06-19,SKU020,Поволжье,1
2026-06-19,SKU021,Центр,2
2026-06-19,SKU022,Центр,3
2026-06-19,SKU022,Поволжье,1
2026-06-19,SKU024,СЗ,1
2026-06-19,SKU024,Центр-2,1
2026-06-19,SKU025,СЗ,2
2026-06-19,SKU028,Центр,1
2026-06-19,SKU028,Юг,1
2026-06-19,SKU028,Поволжье,1
2026-06-19,SKU029,Центр,1
2026-06-19,SKU030,Центр,2
2026-06-19,SKU030,СЗ,2
2026-06-19,SKU030,Поволжье,1
2026-06-19,SKU030,Урал,1
2026-06-19,SKU031,Урал,1
2026-06-19,SKU033,Центр,1
2026-06-19,SKU033,СЗ,1
2026-06-19,SKU033,Сибирь,1
2026-06-19,SKU035,Поволжье,2
2026-06-19,SKU036,Юг,1
2026-06-19,SKU037,Центр,1
2026-06-19,SKU040,Центр,2
2026-06-19,SKU040,СЗ,2
2026-06-19,SKU040,Юг,1
2026-06-19,SKU040,Поволжье,1
2026-06-19,SKU040,Урал,2
2026-06-19,SKU040,Сибирь,2
2026-06-20,SKU001,СЗ,1
2026-06-20,SKU002,Центр,3
2026-06-20,SKU002,Юг,1
2026-06-20,SKU004,Центр,1
2026-06-20,SKU004,Поволжье,1
2026-06-20,SKU005,Сибирь,1
2026-06-20,SKU007,Юг,1
2026-06-20,SKU007,Центр-2,1
2026-06-20,SKU009,Центр,1
2026-06-20,SKU009,СЗ,1
2026-06-20,SKU009,Юг,1
2026-06-20,SKU011,Центр,4
2026-06-20,SKU012,Центр,1
2026-06-20,SKU013,Центр,2
2026-06-20,SKU013,СЗ,1
2026-06-20,SKU013,Юг,1
2026-06-20,SKU013,Поволжье,1
2026-06-20,SKU013,Урал,1
2026-06-20,SKU014,ДВ,1
2026-06-20,SKU016,Центр,4
2026-06-20,SKU016,Поволжье,2
2026-06-20,SKU017,Центр,6
2026-06-20,SKU017,СЗ,1
2026-06-20,SKU017,Юг,1
2026-06-20,SKU017,Урал,2
2026-06-20,SKU017,Сибирь,1
2026-06-20,SKU017,ДВ,1
2026-06-20,SKU018,Центр,1
2026-06-20,SKU019,СЗ,1
2026-06-20,SKU021,Поволжье,1
2026-06-20,SKU022,Центр,2
2026-06-20,SKU024,Центр,1
2026-06-20,SKU025,Центр,1
2026-06-20,SKU026,Сибирь,1
2026-06-20,SKU028,Центр,2
2026-06-20,SKU028,СЗ,1
2026-06-20,SKU028,Юг,1
2026-06-20,SKU029,Центр,1
2026-06-20,SKU029,СЗ,1
2026-06-20,SKU029,Поволжье,1
2026-06-20,SKU029,Урал,1
2026-06-20,SKU030,Центр,3
2026-06-20,SKU030,Юг,2
2026-06-20,SKU030,Урал,1
2026-06-20,SKU032,Поволжье,1
2026-06-20,SKU033,Центр,1
2026-06-20,SKU033,Поволжье,1
2026-06-20,SKU033,Сибирь,1
2026-06-20,SKU034,Центр,1
2026-06-20,SKU035,СЗ,1
2026-06-20,SKU037,СЗ,1
2026-06-20,SKU040,Центр,2
2026-06-20,SKU040,Поволжье,1
2026-06-20,SKU040,Урал,4
2026-06-20,SKU040,ДВ,1
2026-06-21,SKU001,Поволжье,1
2026-06-21,SKU001,Сибирь,1
2026-06-21,SKU002,СЗ,1
2026-06-21,SKU002,Юг,1
2026-06-21,SKU003,Центр,1
2026-06-21,SKU004,Центр,1
2026-06-21,SKU004,Поволжье,1
2026-06-21,SKU006,Центр,1
2026-06-21,SKU006,Юг,1
2026-06-21,SKU006,Урал,1
2026-06-21,SKU007,Юг,2
2026-06-21,SKU009,Центр,1
2026-06-21,SKU009,СЗ,2
2026-06-21,SKU010,Сибирь,1
2026-06-21,SKU011,Поволжье,1
2026-06-21,SKU011,Сибирь,1
2026-06-21,SKU013,Центр,2
2026-06-21,SKU013,Поволжье,2
2026-06-21,SKU013,Сибирь,1
2026-06-21,SKU013,ДВ,1
2026-06-21,SKU014,Центр,2
2026-06-21,SKU016,Центр,4
2026-06-21,SKU016,СЗ,1
2026-06-21,SKU016,Сибирь,1
2026-06-21,SKU017,Центр,2
2026-06-21,SKU017,СЗ,1
2026-06-21,SKU017,Юг,1
2026-06-21,SKU018,Центр,3
2026-06-21,SKU019,Центр,3
2026-06-21,SKU019,Юг,1
2026-06-21,SKU020,Центр,1
2026-06-21,SKU020,Поволжье,1
2026-06-21,SKU022,Центр,2
2026-06-21,SKU024,Сибирь,1
2026-06-21,SKU028,Центр,2
2026-06-21,SKU028,СЗ,1
2026-06-21,SKU028,Сибирь,1
2026-06-21,SKU029,Центр,3
2026-06-21,SKU030,Центр,2
2026-06-21,SKU030,Поволжье,1
2026-06-21,SKU030,Урал,1
2026-06-21,SKU031,Центр,1
2026-06-21,SKU031,СЗ,1
2026-06-21,SKU032,Центр,1
2026-06-21,SKU033,Центр,1
2026-06-21,SKU035,Сибирь,1
2026-06-21,SKU036,СЗ,1
2026-06-21,SKU037,Центр,1
2026-06-21,SKU037,Юг,1
2026-06-21,SKU040,Центр,2
2026-06-21,SKU040,СЗ,1
2026-06-21,SKU040,Поволжье,2
2026-06-21,SKU040,Урал,3
2026-06-22,SKU001,Сибирь,1
2026-06-22,SKU002,Центр,3
2026-06-22,SKU003,Центр,1
2026-06-22,SKU004,Урал,1
2026-06-22,SKU007,Поволжье,1
2026-06-22,SKU009,Центр,1
2026-06-22,SKU009,Юг,1
2026-06-22,SKU009,Урал,1
2026-06-22,SKU011,Центр,2
2026-06-22,SKU011,СЗ,1
2026-06-22,SKU011,Юг,2
2026-06-22,SKU011,Сибирь,1
2026-06-22,SKU012,СЗ,1
2026-06-22,SKU012,Юг,1
2026-06-22,SKU013,Центр,1
2026-06-22,SKU013,ДВ,1
2026-06-22,SKU014,Центр,1
2026-06-22,SKU016,Центр,5
2026-06-22,SKU016,Сибирь,1
2026-06-22,SKU017,Центр,5
2026-06-22,SKU017,СЗ,1
2026-06-22,SKU017,Сибирь,1
2026-06-22,SKU017,Центр-2,1
2026-06-22,SKU020,Центр,1
2026-06-22,SKU020,СЗ,1
2026-06-22,SKU021,Центр,1
2026-06-22,SKU021,СЗ,1
2026-06-22,SKU021,Урал,1
2026-06-22,SKU022,Центр,1
2026-06-22,SKU022,Поволжье,1
2026-06-22,SKU025,Центр-2,1
2026-06-22,SKU026,Центр,1
2026-06-22,SKU026,Юг,1
2026-06-22,SKU028,Центр,2
2026-06-22,SKU028,СЗ,2
2026-06-22,SKU028,Поволжье,2
2026-06-22,SKU028,Сибирь,1
2026-06-22,SKU029,Сибирь,1
2026-06-22,SKU030,СЗ,1
2026-06-22,SKU030,Юг,1
2026-06-22,SKU030,Урал,1
2026-06-22,SKU031,СЗ,1
2026-06-22,SKU032,Центр,1
2026-06-22,SKU033,Центр,3
2026-06-22,SKU034,Центр,1
2026-06-22,SKU034,СЗ,1
2026-06-22,SKU035,Центр,1
2026-06-22,SKU035,Сибирь,1
2026-06-22,SKU036,СЗ,1
2026-06-22,SKU036,Поволжье,1
2026-06-22,SKU039,Центр,1
2026-06-22,SKU040,Центр,2
2026-06-22,SKU040,СЗ,1
2026-06-22,SKU040,Юг,2
2026-06-22,SKU040,Поволжье,1
2026-06-22,SKU040,Урал,1
2026-06-23,SKU001,СЗ,1
2026-06-23,SKU001,Юг,1
2026-06-23,SKU002,Центр,1
2026-06-23,SKU002,Поволжье,1
2026-06-23,SKU003,СЗ,1
2026-06-23,SKU004,Центр,1
2026-06-23,SKU006,Юг,1
2026-06-23,SKU006,Урал,1
2026-06-23,SKU007,Центр,5
2026-06-23,SKU007,Урал,1
2026-06-23,SKU008,Юг,1
2026-06-23,SKU009,СЗ,1
2026-06-23,SKU010,Поволжье,1
2026-06-23,SKU011,Центр,1
2026-06-23,SKU011,СЗ,1
2026-06-23,SKU013,Центр,1
2026-06-23,SKU013,Поволжье,2
2026-06-23,SKU013,Сибирь,1
2026-06-23,SKU014,Центр,1
2026-06-23,SKU015,Урал,1
2026-06-23,SKU016,Центр,1
2026-06-23,SKU017,Центр,2
2026-06-23,SKU017,СЗ,1
2026-06-23,SKU017,Поволжье,1
2026-06-23,SKU017,Урал,1
2026-06-23,SKU017,Сибирь,1
2026-06-23,SKU019,Поволжье,1
2026-06-23,SKU020,Центр,1
2026-06-23,SKU021,Центр,1
2026-06-23,SKU022,Центр,1
2026-06-23,SKU022,Поволжье,2
2026-06-23,SKU022,Урал,2
2026-06-23,SKU024,СЗ,1
2026-06-23,SKU025,Юг,1
2026-06-23,SKU026,Урал,1
2026-06-23,SKU028,СЗ,1
2026-06-23,SKU028,Поволжье,1
2026-06-23,SKU028,Урал,1
2026-06-23,SKU028,Сибирь,2
2026-06-23,SKU028,Центр-2,1
2026-06-23,SKU029,Центр,1
2026-06-23,SKU030,Центр,1
2026-06-23,SKU031,Центр,1
2026-06-23,SKU031,Поволжье,1
2026-06-23,SKU033,Центр,1
2026-06-23,SKU033,Центр-2,1
2026-06-23,SKU034,Центр,1
2026-06-23,SKU035,Центр,1
2026-06-23,SKU036,Сибирь,1
2026-06-23,SKU037,Центр,1
2026-06-23,SKU037,Юг,1
2026-06-23,SKU038,ДВ,1
2026-06-23,SKU040,Центр,3
2026-06-23,SKU040,Юг,1
2026-06-23,SKU040,Урал,1
2026-06-24,SKU001,Юг,1
2026-06-24,SKU002,Центр,1
2026-06-24,SKU004,Центр,1
2026-06-24,SKU007,Центр,2
2026-06-24,SKU007,Поволжье,2
2026-06-24,SKU007,Урал,1
2026-06-24,SKU008,Центр,1
2026-06-24,SKU009,Центр,2
2026-06-24,SKU009,Центр-2,1
2026-06-24,SKU011,СЗ,1
2026-06-24,SKU011,Поволжье,1
2026-06-24,SKU013,Центр,3
2026-06-24,SKU013,Юг,1
2026-06-24,SKU013,Поволжье,1
2026-06-24,SKU014,Юг,1
2026-06-24,SKU015,Юг,1
2026-06-24,SKU016,Центр,2
2026-06-24,SKU016,Юг,1
2026-06-24,SKU016,Урал,1
2026-06-24,SKU017,Центр,3
2026-06-24,SKU017,СЗ,1
2026-06-24,SKU019,Поволжье,1
2026-06-24,SKU020,Центр,1
2026-06-24,SKU020,ДВ,1
2026-06-24,SKU022,Центр,1
2026-06-24,SKU022,СЗ,1
2026-06-24,SKU022,Поволжье,1
2026-06-24,SKU022,Урал,1
2026-06-24,SKU023,Центр,2
2026-06-24,SKU023,Урал,2
2026-06-24,SKU024,СЗ,1
2026-06-24,SKU025,Центр,1
2026-06-24,SKU026,Юг,1
2026-06-24,SKU027,Урал,1
2026-06-24,SKU028,Центр,3
2026-06-24,SKU028,Сибирь,2
2026-06-24,SKU030,Центр,1
2026-06-24,SKU030,СЗ,1
2026-06-24,SKU030,Поволжье,1
2026-06-24,SKU030,Сибирь,1
2026-06-24,SKU031,Центр,4
2026-06-24,SKU032,Поволжье,1
2026-06-24,SKU034,Центр,2
2026-06-24,SKU034,СЗ,1
2026-06-24,SKU034,Урал,1
2026-06-24,SKU035,Юг,1
2026-06-24,SKU037,Центр,1
2026-06-24,SKU038,Центр,1
2026-06-24,SKU038,Урал,1
2026-06-24,SKU040,Центр,3
2026-06-24,SKU040,Юг,1
2026-06-24,SKU040,Поволжье,1
2026-06-24,SKU040,ДВ,1
2026-06-25,SKU001,Поволжье,3
2026-06-25,SKU002,Центр,1
2026-06-25,SKU004,Центр,1
2026-06-25,SKU006,Центр,1
2026-06-25,SKU009,Центр,1
2026-06-25,SKU010,Юг,1
2026-06-25,SKU011,Центр,1
2026-06-25,SKU011,СЗ,3
2026-06-25,SKU012,Центр,1
2026-06-25,SKU013,Юг,1
2026-06-25,SKU013,Урал,1
2026-06-25,SKU013,Центр-2,1
2026-06-25,SKU014,Центр,1
2026-06-25,SKU016,Центр,3
2026-06-25,SKU016,Сибирь,1
2026-06-25,SKU017,Центр,3
2026-06-25,SKU017,Поволжье,1
2026-06-25,SKU017,Сибирь,1
2026-06-25,SKU017,Центр-2,1
2026-06-25,SKU020,Центр,1
2026-06-25,SKU020,СЗ,1
2026-06-25,SKU020,Урал,1
2026-06-25,SKU021,Центр,1
2026-06-25,SKU022,Центр,1
2026-06-25,SKU022,Поволжье,1
2026-06-25,SKU024,Центр,1
2026-06-25,SKU028,СЗ,1
2026-06-25,SKU028,Урал,1
2026-06-25,SKU028,Сибирь,1
2026-06-25,SKU029,Юг,1
2026-06-25,SKU030,Центр,1
2026-06-25,SKU030,СЗ,2
2026-06-25,SKU030,Поволжье,1
2026-06-25,SKU032,Центр,1
2026-06-25,SKU033,Центр,2
2026-06-25,SKU033,Юг,1
2026-06-25,SKU034,Центр,1
2026-06-25,SKU034,Сибирь,1
2026-06-25,SKU035,Центр,1
2026-06-25,SKU036,Центр,1
2026-06-25,SKU036,Сибирь,1
2026-06-25,SKU037,Поволжье,1
2026-06-25,SKU038,Урал,1
2026-06-25,SKU040,Центр,4
2026-06-25,SKU040,Юг,1
2026-06-25,SKU040,Поволжье,1
2026-06-26,SKU001,СЗ,1
2026-06-26,SKU001,Юг,1
2026-06-26,SKU002,СЗ,2
2026-06-26,SKU003,Юг,1
2026-06-26,SKU004,Центр,1
2026-06-26,SKU004,Поволжье,3
2026-06-26,SKU007,Центр,1
2026-06-26,SKU007,Поволжье,2
2026-06-26,SKU009,Центр,1
2026-06-26,SKU010,Центр,1
2026-06-26,SKU011,Центр,2
2026-06-26,SKU011,СЗ,1
2026-06-26,SKU011,Юг,1
2026-06-26,SKU011,Поволжье,1
2026-06-26,SKU013,Центр,3
2026-06-26,SKU014,Поволжье,1
2026-06-26,SKU015,Центр,1
2026-06-26,SKU016,Центр,2
2026-06-26,SKU016,Поволжье,1
2026-06-26,SKU017,Центр,2
2026-06-26,SKU017,СЗ,1
2026-06-26,SKU017,Поволжье,1
2026-06-26,SKU017,Урал,1
2026-06-26,SKU017,ДВ,1
2026-06-26,SKU017,Центр-2,1
2026-06-26,SKU018,СЗ,1
2026-06-26,SKU018,Урал,1
2026-06-26,SKU021,Юг,1
2026-06-26,SKU022,Поволжье,1
2026-06-26,SKU023,ДВ,1
2026-06-26,SKU024,Поволжье,1
2026-06-26,SKU025,Юг,1
2026-06-26,SKU026,СЗ,1
2026-06-26,SKU028,Центр,2
2026-06-26,SKU028,СЗ,2
2026-06-26,SKU028,Юг,1
2026-06-26,SKU029,Урал,2
2026-06-26,SKU030,Центр,1
2026-06-26,SKU030,СЗ,1
2026-06-26,SKU030,Юг,1
2026-06-26,SKU030,Поволжье,1
2026-06-26,SKU031,Поволжье,1
2026-06-26,SKU032,Центр,1
2026-06-26,SKU032,Поволжье,1
2026-06-26,SKU033,Центр,1
2026-06-26,SKU033,Юг,1
2026-06-26,SKU034,Сибирь,1
2026-06-26,SKU035,ДВ,1
2026-06-26,SKU036,ДВ,1
2026-06-26,SKU039,Поволжье,1
2026-06-26,SKU040,Центр,5
2026-06-26,SKU040,СЗ,1
2026-06-26,SKU040,Юг,1
2026-06-26,SKU040,Поволжье,1
2026-06-26,SKU040,Урал,2
2026-06-27,SKU001,Центр,1
2026-06-27,SKU001,Юг,1
2026-06-27,SKU001,Поволжье,2
2026-06-27,SKU002,Центр,2
2026-06-27,SKU003,Центр,3
2026-06-27,SKU003,Юг,1
2026-06-27,SKU003,Поволжье,1
2026-06-27,SKU004,Сибирь,1
2026-06-27,SKU006,Центр,2
2026-06-27,SKU008,Центр,1
2026-06-27,SKU009,Центр,2
2026-06-27,SKU009,Поволжье,1
2026-06-27,SKU010,Центр,1
2026-06-27,SKU010,Центр-2,1
2026-06-27,SKU011,Центр,1
2026-06-27,SKU011,СЗ,1
2026-06-27,SKU011,Юг,1
2026-06-27,SKU011,Сибирь,1
2026-06-27,SKU013,Юг,1
2026-06-27,SKU013,Поволжье,1
2026-06-27,SKU016,Центр,5
2026-06-27,SKU016,ДВ,1
2026-06-27,SKU017,Юг,1
2026-06-27,SKU017,Урал,2
2026-06-27,SKU018,Центр,1
2026-06-27,SKU018,СЗ,1
2026-06-27,SKU018,Сибирь,1
2026-06-27,SKU019,Урал,1
2026-06-27,SKU020,СЗ,1
2026-06-27,SKU022,Центр,2
2026-06-27,SKU022,СЗ,2
2026-06-27,SKU022,Юг,1
2026-06-27,SKU022,Сибирь,1
2026-06-27,SKU024,Поволжье,1
2026-06-27,SKU025,Центр,1
2026-06-27,SKU028,Центр,4
2026-06-27,SKU028,Урал,1
2026-06-27,SKU030,Центр,2
2026-06-27,SKU030,СЗ,1
2026-06-27,SKU031,Центр,2
2026-06-27,SKU034,Центр,1
2026-06-27,SKU034,ДВ,1
2026-06-27,SKU035,Юг,2
2026-06-27,SKU037,Центр,1
2026-06-27,SKU038,Центр,2
2026-06-27,SKU040,СЗ,1
2026-06-27,SKU040,Поволжье,2
2026-06-27,SKU040,Сибирь,1
2026-06-27,SKU040,ДВ,1
2026-06-28,SKU002,Поволжье,1
2026-06-28,SKU004,Центр,2
2026-06-28,SKU004,Поволжье,1
2026-06-28,SKU009,Сибирь,1
2026-06-28,SKU011,СЗ,1
2026-06-28,SKU011,Урал,1
2026-06-28,SKU013,СЗ,1
2026-06-28,SKU013,Урал,3
2026-06-28,SKU013,Сибирь,1
2026-06-28,SKU013,ДВ,1
2026-06-28,SKU016,Центр,1
2026-06-28,SKU016,Урал,1
2026-06-28,SKU017,Центр,3
2026-06-28,SKU017,СЗ,1
2026-06-28,SKU017,Поволжье,1
2026-06-28,SKU018,Центр,1
2026-06-28,SKU018,Урал,1
2026-06-28,SKU019,Центр,1
2026-06-28,SKU019,Центр-2,1
2026-06-28,SKU020,Центр,2
2026-06-28,SKU021,СЗ,1
2026-06-28,SKU022,Центр,3
2026-06-28,SKU022,Сибирь,1
2026-06-28,SKU023,Центр,1
2026-06-28,SKU025,СЗ,1
2026-06-28,SKU025,Поволжье,1
2026-06-28,SKU026,Центр,1
2026-06-28,SKU026,Сибирь,1
2026-06-28,SKU028,Центр,4
2026-06-28,SKU028,СЗ,2
2026-06-28,SKU028,Урал,1
2026-06-28,SKU029,Юг,1
2026-06-28,SKU029,Урал,3
2026-06-28,SKU030,Центр,2
2026-06-28,SKU030,Юг,1
2026-06-28,SKU030,Поволжье,1
2026-06-28,SKU033,Центр,1
2026-06-28,SKU036,Сибирь,1
2026-06-28,SKU037,Центр,1
2026-06-28,SKU037,Урал,1
2026-06-28,SKU038,СЗ,1
2026-06-28,SKU040,Центр,3
2026-06-28,SKU040,СЗ,2
2026-06-28,SKU040,Юг,2
2026-06-28,SKU040,Сибирь,1
2026-06-29,SKU001,Центр,3
2026-06-29,SKU001,Юг,1
2026-06-29,SKU001,Поволжье,1
2026-06-29,SKU001,Урал,1
2026-06-29,SKU002,Центр,1
2026-06-29,SKU003,Центр,1
2026-06-29,SKU004,Центр,2
2026-06-29,SKU004,Сибирь,1
2026-06-29,SKU009,Центр,1
2026-06-29,SKU011,Юг,1
2026-06-29,SKU013,Центр,1
2026-06-29,SKU013,Урал,2
2026-06-29,SKU014,Центр,2
2026-06-29,SKU014,СЗ,1
2026-06-29,SKU015,Юг,1
2026-06-29,SKU016,Центр,1
2026-06-29,SKU016,Поволжье,1
2026-06-29,SKU017,Центр,3
2026-06-29,SKU017,СЗ,1
2026-06-29,SKU017,Сибирь,1
2026-06-29,SKU018,Юг,1
2026-06-29,SKU020,Центр,1
2026-06-29,SKU022,Центр,1
2026-06-29,SKU022,Урал,1
2026-06-29,SKU022,Сибирь,1
2026-06-29,SKU023,Юг,1
2026-06-29,SKU028,Центр,5
2026-06-29,SKU028,СЗ,1
2026-06-29,SKU028,Юг,1
2026-06-29,SKU029,Центр,1
2026-06-29,SKU030,Центр,1
2026-06-29,SKU030,Поволжье,1
2026-06-29,SKU030,Урал,1
2026-06-29,SKU031,Центр,1
2026-06-29,SKU034,Центр,1
2026-06-29,SKU035,Центр,1
2026-06-29,SKU035,Сибирь,1
2026-06-29,SKU039,Центр,1
2026-06-29,SKU040,Центр,4
2026-06-29,SKU040,СЗ,1
2026-06-29,SKU040,Юг,2
2026-06-29,SKU040,Поволжье,1
2026-06-29,SKU040,Урал,2
2026-06-29,SKU040,ДВ,1
2026-06-30,SKU004,Поволжье,1
2026-06-30,SKU007,Сибирь,1
2026-06-30,SKU009,СЗ,1
2026-06-30,SKU009,Юг,1
2026-06-30,SKU010,Сибирь,1
2026-06-30,SKU011,Центр,2
2026-06-30,SKU011,СЗ,1
2026-06-30,SKU011,Юг,1
2026-06-30,SKU011,Поволжье,1
2026-06-30,SKU012,Центр,1
2026-06-30,SKU013,Поволжье,2
2026-06-30,SKU014,Центр,2
2026-06-30,SKU014,Юг,1
2026-06-30,SKU016,Центр,2
2026-06-30,SKU016,СЗ,1
2026-06-30,SKU016,Юг,1
2026-06-30,SKU016,Урал,1
2026-06-30,SKU017,Центр,3
2026-06-30,SKU017,СЗ,1
2026-06-30,SKU017,Урал,1
2026-06-30,SKU022,Центр,4
2026-06-30,SKU022,Центр-2,1
2026-06-30,SKU023,Центр,1
2026-06-30,SKU024,СЗ,1
2026-06-30,SKU024,Юг,1
2026-06-30,SKU026,Юг,1
2026-06-30,SKU028,Центр,3
2026-06-30,SKU028,СЗ,2
2026-06-30,SKU028,Поволжье,1
2026-06-30,SKU029,Поволжье,1
2026-06-30,SKU030,Центр,1
2026-06-30,SKU030,Юг,3
2026-06-30,SKU031,СЗ,1
2026-06-30,SKU032,СЗ,1
2026-06-30,SKU034,Центр,1
2026-06-30,SKU040,Центр,1
2026-06-30,SKU040,Юг,1
2026-06-30,SKU040,Поволжье,2
2026-06-30,SKU040,Урал,2
2026-06-30,SKU040,Сибирь,2
2026-07-01,SKU002,Центр,1
2026-07-01,SKU004,Центр,2
2026-07-01,SKU004,Поволжье,1
2026-07-01,SKU006,Поволжье,1
2026-07-01,SKU006,Сибирь,1
2026-07-01,SKU007,Центр,1
2026-07-01,SKU009,Центр,4
2026-07-01,SKU009,СЗ,2
2026-07-01,SKU011,Юг,2
2026-07-01,SKU013,Центр,1
2026-07-01,SKU013,Поволжье,1
2026-07-01,SKU013,Центр-2,1
2026-07-01,SKU016,ДВ,2
2026-07-01,SKU017,Центр,2
2026-07-01,SKU017,Урал,1
2026-07-01,SKU018,Центр,1
2026-07-01,SKU019,Центр,1
2026-07-01,SKU020,Центр,1
2026-07-01,SKU022,Центр,3
2026-07-01,SKU022,СЗ,1
2026-07-01,SKU022,Поволжье,1
2026-07-01,SKU022,Сибирь,1
2026-07-01,SKU024,Поволжье,1
2026-07-01,SKU026,Поволжье,1
2026-07-01,SKU028,Центр,1
2026-07-01,SKU028,Юг,1
2026-07-01,SKU028,Урал,1
2026-07-01,SKU028,Сибирь,1
2026-07-01,SKU029,Центр-2,1
2026-07-01,SKU030,Центр,1
2026-07-01,SKU030,Юг,1
2026-07-01,SKU030,Поволжье,1
2026-07-01,SKU032,Центр,1
2026-07-01,SKU032,Сибирь,1
2026-07-01,SKU035,Центр,2
2026-07-01,SKU035,Поволжье,2
2026-07-01,SKU036,Поволжье,1
2026-07-01,SKU037,Центр,1
2026-07-01,SKU037,Поволжье,1
2026-07-01,SKU039,Центр,1
2026-07-01,SKU040,Центр,1
2026-07-01,SKU040,СЗ,2
2026-07-01,SKU040,Урал,3
2026-07-01,SKU040,Сибирь,2
2026-07-02,SKU001,Центр,1
2026-07-02,SKU002,Юг,1
2026-07-02,SKU003,Центр,2
2026-07-02,SKU006,Сибирь,1
2026-07-02,SKU007,Поволжье,1
2026-07-02,SKU007,Урал,1
2026-07-02,SKU009,Центр,1
2026-07-02,SKU011,СЗ,1
2026-07-02,SKU012,Центр,1
2026-07-02,SKU013,Центр,2
2026-07-02,SKU013,Сибирь,1
2026-07-02,SKU014,Центр,1
2026-07-02,SKU016,СЗ,1
2026-07-02,SKU016,Урал,1
2026-07-02,SKU016,ДВ,1
2026-07-02,SKU017,Центр,1
2026-07-02,SKU017,Сибирь,2
2026-07-02,SKU020,Центр,1
2026-07-02,SKU021,Центр,1
2026-07-02,SKU022,Центр,1
2026-07-02,SKU022,СЗ,1
2026-07-02,SKU022,Юг,1
2026-07-02,SKU022,Поволжье,1
2026-07-02,SKU023,СЗ,1
2026-07-02,SKU024,Центр,1
2026-07-02,SKU024,Юг,1
2026-07-02,SKU025,Центр,1
2026-07-02,SKU026,Центр,3
2026-07-02,SKU026,СЗ,1
2026-07-02,SKU028,Поволжье,2
2026-07-02,SKU028,Урал,1
2026-07-02,SKU028,Сибирь,1
2026-07-02,SKU030,Юг,1
2026-07-02,SKU032,Центр,1
2026-07-02,SKU035,Юг,1
2026-07-02,SKU037,Центр,1
2026-07-02,SKU037,Юг,1
2026-07-02,SKU038,Центр,1
2026-07-02,SKU040,Центр,2
2026-07-02,SKU040,СЗ,1
2026-07-02,SKU040,Юг,1
2026-07-02,SKU040,Урал,1
2026-07-02,SKU040,ДВ,1
2026-07-03,SKU001,Центр,1
2026-07-03,SKU001,Поволжье,1
2026-07-03,SKU001,Сибирь,1
2026-07-03,SKU002,Центр,2
2026-07-03,SKU003,Юг,2
2026-07-03,SKU004,Центр,1
2026-07-03,SKU004,ДВ,1
2026-07-03,SKU005,СЗ,1
2026-07-03,SKU007,Центр-2,1
2026-07-03,SKU009,СЗ,1
2026-07-03,SKU009,Поволжье,1
2026-07-03,SKU011,Центр,2
2026-07-03,SKU011,Поволжье,1
2026-07-03,SKU011,Сибирь,1
2026-07-03,SKU013,Центр,1
2026-07-03,SKU013,Юг,1
2026-07-03,SKU014,Центр,3
2026-07-03,SKU014,Юг,1
2026-07-03,SKU016,Центр,4
2026-07-03,SKU016,Поволжье,1
2026-07-03,SKU016,Урал,1
2026-07-03,SKU017,Центр,1
2026-07-03,SKU017,СЗ,1
2026-07-03,SKU017,Сибирь,2
2026-07-03,SKU018,Юг,1
2026-07-03,SKU020,Центр,4
2026-07-03,SKU022,Центр,3
2026-07-03,SKU022,Поволжье,1
2026-07-03,SKU028,Центр,3
2026-07-03,SKU028,СЗ,1
2026-07-03,SKU029,СЗ,1
2026-07-03,SKU030,Центр,2
2026-07-03,SKU030,СЗ,2
2026-07-03,SKU030,Урал,1
2026-07-03,SKU031,СЗ,1
2026-07-03,SKU033,Центр,1
2026-07-03,SKU033,Сибирь,1
2026-07-03,SKU034,Центр,1
2026-07-03,SKU034,Сибирь,2
2026-07-03,SKU035,Центр,1
2026-07-03,SKU036,Центр,1
2026-07-03,SKU036,Юг,1
2026-07-03,SKU037,Центр,1
2026-07-03,SKU039,Юг,1
2026-07-03,SKU040,Центр,1
2026-07-03,SKU040,СЗ,1
2026-07-03,SKU040,Юг,1
2026-07-03,SKU040,Поволжье,2
2026-07-03,SKU040,Урал,4
2026-07-03,SKU040,ДВ,1
2026-07-04,SKU001,Юг,1
2026-07-04,SKU002,Центр,1
2026-07-04,SKU004,Урал,1
2026-07-04,SKU007,Центр,1
2026-07-04,SKU007,Юг,1
2026-07-04,SKU009,Центр,1
2026-07-04,SKU009,Юг,1
2026-07-04,SKU009,Урал,1
2026-07-04,SKU009,ДВ,1
2026-07-04,SKU009,Центр-2,1
2026-07-04,SKU010,Урал,1
2026-07-04,SKU011,Центр,1
2026-07-04,SKU012,Центр,3
2026-07-04,SKU013,Центр,3
2026-07-04,SKU013,Поволжье,1
2026-07-04,SKU014,Центр,1
2026-07-04,SKU016,Центр,3
2026-07-04,SKU016,Поволжье,1
2026-07-04,SKU016,ДВ,1
2026-07-04,SKU017,Центр,2
2026-07-04,SKU017,Урал,1
2026-07-04,SKU017,Сибирь,1
2026-07-04,SKU018,Центр,2
2026-07-04,SKU022,Центр,1
2026-07-04,SKU022,Урал,1
2026-07-04,SKU024,Центр,2
2026-07-04,SKU025,СЗ,1
2026-07-04,SKU025,Поволжье,1
2026-07-04,SKU026,Поволжье,1
2026-07-04,SKU028,СЗ,1
2026-07-04,SKU030,Центр,2
2026-07-04,SKU030,Юг,2
2026-07-04,SKU031,СЗ,1
2026-07-04,SKU031,Урал,1
2026-07-04,SKU032,Центр,1
2026-07-04,SKU033,Урал,1
2026-07-04,SKU034,Центр,1
2026-07-04,SKU035,Центр,1
2026-07-04,SKU036,Центр,1
2026-07-04,SKU036,Урал,1
2026-07-04,SKU038,Поволжье,1
2026-07-04,SKU040,Центр,5
2026-07-04,SKU040,Поволжье,1
2026-07-04,SKU040,Урал,1
2026-07-04,SKU040,ДВ,1
2026-07-05,SKU001,Центр,1
2026-07-05,SKU002,Центр,1
2026-07-05,SKU002,Урал,1
2026-07-05,SKU003,Центр,1
2026-07-05,SKU003,Урал,1
2026-07-05,SKU004,Сибирь,1
2026-07-05,SKU009,Центр,1
2026-07-05,SKU009,СЗ,1
2026-07-05,SKU009,Юг,2
2026-07-05,SKU009,Сибирь,1
2026-07-05,SKU011,Центр,1
2026-07-05,SKU011,СЗ,1
2026-07-05,SKU013,Центр,2
2026-07-05,SKU013,Юг,2
2026-07-05,SKU014,СЗ,1
2026-07-05,SKU014,Сибирь,1
2026-07-05,SKU016,Центр,1
2026-07-05,SKU016,Поволжье,1
2026-07-05,SKU016,Урал,1
2026-07-05,SKU017,Центр,2
2026-07-05,SKU017,Урал,1
2026-07-05,SKU017,ДВ,1
2026-07-05,SKU017,Центр-2,1
2026-07-05,SKU018,Центр,2
2026-07-05,SKU018,СЗ,1
2026-07-05,SKU018,Юг,1
2026-07-05,SKU019,Центр,1
2026-07-05,SKU020,Центр,1
2026-07-05,SKU022,Центр,1
2026-07-05,SKU022,Поволжье,1
2026-07-05,SKU023,Центр,1
2026-07-05,SKU023,Сибирь,1
2026-07-05,SKU024,Центр-2,1
2026-07-05,SKU026,Сибирь,1
2026-07-05,SKU028,Центр,2
2026-07-05,SKU029,СЗ,1
2026-07-05,SKU029,Юг,1
2026-07-05,SKU030,Центр,1
2026-07-05,SKU030,СЗ,2
2026-07-05,SKU030,Юг,1
2026-07-05,SKU030,Центр-2,1
2026-07-05,SKU031,Центр,5
2026-07-05,SKU033,Центр,2
2026-07-05,SKU033,Поволжье,1
2026-07-05,SKU035,Сибирь,1
2026-07-05,SKU036,Поволжье,2
2026-07-05,SKU039,Урал,1
2026-07-05,SKU040,Центр,4
2026-07-05,SKU040,СЗ,2
2026-07-05,SKU040,Урал,2
2026-07-06,SKU002,Центр,1
2026-07-06,SKU003,Юг,1
2026-07-06,SKU004,Центр,1
2026-07-06,SKU007,Центр,3
2026-07-06,SKU007,Юг,1
2026-07-06,SKU007,ДВ,1
2026-07-06,SKU009,Центр,1
2026-07-06,SKU009,ДВ,1
2026-07-06,SKU011,Центр,1
2026-07-06,SKU011,СЗ,1
2026-07-06,SKU012,Урал,1
2026-07-06,SKU013,Центр,1
2026-07-06,SKU013,Юг,1
2026-07-06,SKU013,Сибирь,1
2026-07-06,SKU014,Центр,1
2026-07-06,SKU014,Поволжье,1
2026-07-06,SKU014,Сибирь,1
2026-07-06,SKU015,Поволжье,1
2026-07-06,SKU016,Центр,3
2026-07-06,SKU016,СЗ,2
2026-07-06,SKU016,Урал,1
2026-07-06,SKU017,Центр-2,3
2026-07-06,SKU018,СЗ,1
2026-07-06,SKU019,Центр,1
2026-07-06,SKU019,Урал,1
2026-07-06,SKU020,Центр,1
2026-07-06,SKU021,Центр,1
2026-07-06,SKU022,Сибирь,1
2026-07-06,SKU024,СЗ,1
2026-07-06,SKU025,ДВ,1
2026-07-06,SKU028,Центр,5
2026-07-06,SKU028,СЗ,1
2026-07-06,SKU030,СЗ,1
2026-07-06,SKU030,Поволжье,1
2026-07-06,SKU030,Урал,1
2026-07-06,SKU031,СЗ,1
2026-07-06,SKU031,Центр-2,1
2026-07-06,SKU032,Сибирь,1
2026-07-06,SKU033,Поволжье,1
2026-07-06,SKU035,Центр,1
2026-07-06,SKU037,Центр,1
2026-07-06,SKU040,Юг,3
2026-07-06,SKU040,ДВ,2
